colour,name,regnu,regtx
Yellow,Fidelity,6107,yI
Yellow,Atlante,5518,XR
Goldenrod,Aubrey,6995,KB
Purple,Evie,2774,HI
Crimson,Nicola,8766,qP
Crimson,Nicolis,3276,iC
Orange,Wallis,8596,xM
Crimson,Kara-lynn,6715,xY
Blue,Dalenna,4560,rF
Orange,Tarah,4816,HK
Crimson,Danielle,7860,rX
Maroon,Heidi,0333,jA
Green,Perry,2872,NZ
Indigo,Prissie,7110,uE
Maroon,Phyllida,4741,rG
Maroon,Ryon,7989,yC
Turquoise,Modesta,4698,oD
Khaki,Aura,0989,uV
Purple,Red,1977,yY
Puce,Kanya,1178,aT
Teal,Kate,1552,CR
Indigo,Doro,3162,rL
Violet,Onida,6646,PA
Puce,Conan,7484,uW
Fuscia,Boony,9177,MT
Goldenrod,Cale,2786,bG
Green,Lazarus,0775,NY
Green,Randall,1532,DU
Violet,Tessa,2811,zW
Yellow,Joby,2205,TK
Yellow,Irita,9217,WW
Goldenrod,Valli,3233,PK
Purple,Tobie,4211,yQ
Goldenrod,Filippo,0082,lN
Fuscia,Cilka,4409,YY
Yellow,Tammara,6469,CI
Red,Chandler,9962,UR
Yellow,Kliment,6393,LL
Green,Randene,3815,uM
Crimson,Marys,0032,hW
Mauv,Griffy,0635,lM
Crimson,Francine,0424,QL
Mauv,Titos,2280,EG
Green,Giacopo,6320,cC
Mauv,Ashlee,2612,hV
Crimson,Daryl,5912,xT
Teal,Ely,6166,RE
Indigo,Valry,0898,FL
Pink,Lorine,6428,wU
Puce,Margeaux,1474,yQ
Green,Jose,0704,GS
Teal,Merridie,0775,xO
Maroon,Lina,8910,lC
Mauv,Judy,3609,DS
Goldenrod,Lucky,8185,mU
Goldenrod,Vitia,4409,OK
Green,Maurits,0643,zA
Red,Dianne,0025,hO
Puce,Guenevere,8333,fI
Fuscia,Jerrie,0025,dK
Khaki,Martie,6844,lK
Maroon,Nora,9029,HF
Mauv,Kathryne,8741,GS
Khaki,Dawna,2395,cL
Green,Alleen,1679,wL
Puce,Terry,6435,IK
Orange,Carlynne,4131,dB
Purple,Charlotta,3064,CN
Blue,Starr,5301,NQ
Teal,Livvy,7043,aW
Crimson,Ches,3484,DV
Purple,Frederigo,2079,GB
Mauv,Kimberlyn,1158,JX
Violet,Merralee,4019,LG
Violet,Ewan,4553,eH
Goldenrod,Deva,0473,IL
Purple,Loralyn,1349,FZ
Maroon,Clark,0030,jW
Goldenrod,Athena,6564,TS
Turquoise,Sallee,4227,RS
Turquoise,Rudie,2506,jF
Fuscia,Fernande,6746,YQ
Indigo,Reece,0898,fP
Violet,Mattias,5960,xE
Fuscia,Myrvyn,3325,sM
Maroon,Maxie,4147,HS
Mauv,Lincoln,1384,iE
Mauv,Kalie,4214,pQ
Aquamarine,Jacklin,9166,XI
Khaki,Chen,6900,MF
Green,Nady,1213,dF
Blue,Adena,5055,YQ
Mauv,Dorelia,9935,RZ
Goldenrod,Alwin,3116,qZ
Maroon,Sonnie,1390,TQ
Turquoise,Sanderson,7810,sU
Aquamarine,Wiatt,7534,QD
Puce,Rodolphe,5358,aD
Red,Susannah,1790,GF
Yellow,Coretta,1625,iK
Green,Evelyn,4704,SU
Goldenrod,Hans,4149,qF
Aquamarine,Hermine,4570,ZE
Pink,Kaia,2007,lV
Maroon,Kerwin,8138,kP
Aquamarine,Taber,5220,JZ
Goldenrod,Izaak,0197,TK
Purple,Brandi,8520,BO
Turquoise,Arte,5377,UM
Teal,Fredericka,0557,VG
Blue,Taylor,0431,jG
Turquoise,Rafaello,0742,WK
Puce,Louisette,6825,GL
Orange,Tristam,9274,VI
Crimson,Yolande,1716,WP
Indigo,Carilyn,8923,rM
Maroon,Appolonia,4944,nU
Goldenrod,Oralia,8395,QG
Pink,Emili,5813,cU
Maroon,Rodrique,9211,oP
Green,Maryl,2825,gA
Pink,Nata,8634,HM
Crimson,Cassi,8711,jE
Aquamarine,Abby,5004,hM
Blue,Colette,8917,ZP
Teal,Deloria,5142,YW
Fuscia,Upton,5339,hV
Maroon,Pammi,1094,dC
Green,Fred,5006,bC
Aquamarine,Carroll,7755,CW
Fuscia,Trent,1938,DD
Turquoise,Weston,6600,bO
Turquoise,Lea,2753,OW
Turquoise,Jarid,2835,NY
Purple,Clerissa,8837,ZU
Indigo,Brina,4467,LV
Fuscia,Aloisia,2213,GY
Teal,Kordula,2231,YP
Teal,Floyd,6011,OO
Crimson,Mallory,4262,DB
Pink,Joey,3426,XB
Indigo,Esdras,2009,HZ
Orange,Fay,6518,yZ
Red,Malcolm,8059,sR
Pink,Tersina,4214,KV
Turquoise,Ruperto,5936,nG
Purple,Stephan,8032,lQ
Pink,Marcelo,9348,cK
Yellow,Inessa,8503,vC
Red,Konstantine,1050,tI
Crimson,Myrtle,2169,hJ
Puce,Bibby,4919,sS
Crimson,Ari,8626,gF
Fuscia,Tiffany,0455,ID
Violet,Samuel,7047,CU
Maroon,Cherise,5867,RP
Orange,Almeta,0492,nE
Teal,Celinka,5293,DR
Teal,Erin,4462,IQ
Red,Tamar,9524,wS
Teal,Darb,2458,WA
Maroon,Hanny,2432,VF
Purple,Bryan,0337,YK
Yellow,Jourdan,8521,QK
Yellow,Randie,0768,jX
Turquoise,Yvonne,9065,eC
Mauv,Liliane,0335,yA
Purple,Dev,8192,uJ
Puce,Malissa,9468,MZ
Green,Ellwood,8859,PO
Yellow,Lilly,6122,kG
Green,Ivette,7269,bQ
Yellow,Weidar,9743,xO
Khaki,Brittani,0074,KK
Maroon,Larisa,9152,jU
Orange,Emerson,0237,vV
Turquoise,Tomkin,9345,zO
Purple,Angy,3467,xY
Maroon,Willey,8154,xJ
Maroon,Elsey,1238,GF
Crimson,Franni,1700,rB
Indigo,Rebeka,7834,qX
Blue,Sheridan,7937,pU
Puce,Nellie,8504,OQ
Goldenrod,Alma,3591,IU
Turquoise,Gonzales,8914,gB
Maroon,Johan,1960,tF
Yellow,Nels,2106,YL
Pink,Arabela,5791,vA
Mauv,Othello,7679,hZ
Yellow,Kimberly,8678,tR
Goldenrod,Athena,8745,eH
Blue,Johnette,7020,kC
Violet,Kendell,5566,kF
Indigo,Filide,1576,MK
Red,Kattie,6007,rQ
Fuscia,Bartie,8920,aU
Orange,Niall,0695,FG
Orange,Philipa,4621,iI
Mauv,Erin,3243,gF
Khaki,Selinda,4810,lJ
Orange,Ferrell,0939,TX
Orange,Lombard,1162,RU
Purple,Gabrila,1192,uV
Blue,Trish,1586,BQ
Pink,Avivah,6915,tM
Indigo,Aeriel,0461,PK
Teal,Gerta,7304,CP
Green,Immanuel,5631,qB
Teal,Lucian,1219,hE
Pink,Kathi,5302,uW
Goldenrod,Ruddy,1510,TA
Blue,Van,2997,pO
Red,Klaus,1178,tF
Teal,Hana,9492,IB
Fuscia,Shelba,8881,bS
Violet,Stacie,6003,pL
Purple,Biddy,1539,RU
Teal,Clarine,8894,EO
Puce,Bill,8421,GQ
Yellow,Carolyne,5467,oH
Violet,Mariann,2572,TU
Blue,Myrta,8092,tJ
Turquoise,Chelsey,0521,fI
Violet,Teri,4419,XY
Mauv,Tobey,2019,lZ
Pink,Cathe,6458,VQ
Blue,Milli,4406,ZB
Mauv,Annabell,5112,dS
Red,Lenora,0404,qY
Indigo,Florri,3581,yY
Teal,Gaven,4287,zZ
Pink,Constantine,6361,YH
Maroon,Bebe,5522,JZ
Yellow,Cindi,2544,yT
Puce,Dewitt,5502,yD
Orange,Waldo,8297,cQ
Puce,Jobye,4445,bW
Pink,Elysee,9275,AC
Blue,Ransell,2478,iY
Goldenrod,Matthieu,1441,DL
Green,Klarika,5976,hI
Turquoise,Benoit,6707,GG
Purple,Sophia,3587,SL
Blue,Gabbie,8031,JP
Orange,Penny,1923,lB
Turquoise,Desiri,8198,uR
Mauv,Alexi,5932,IM
Pink,Yorgos,5562,ST
Blue,Elsey,9819,MJ
Yellow,Odelle,3783,hE
Khaki,Emmott,2128,rU
Crimson,Rowena,7512,DU
Puce,Paxon,1392,BD
Khaki,Josephine,2241,BP
Blue,Gael,6934,oZ
Fuscia,Osbourne,6667,rO
Purple,Mikaela,7923,PZ
Fuscia,Corny,1110,HY
Khaki,Pietro,5051,pZ
Green,Janaya,4194,AG
Teal,Olympie,1466,uV
Green,Wadsworth,2746,xV
Khaki,Valdemar,3710,yY
Yellow,Bryana,4573,LU
Fuscia,Nerte,2327,SB
Crimson,Luther,5945,qZ
Purple,Tallie,2338,tB
Orange,Serge,5132,hS
Pink,Delaney,4015,TV
Mauv,Shirleen,3155,HC
Blue,Mateo,2037,MA
Purple,Jaime,2146,PY
Pink,Katina,3173,KB
Indigo,Marilin,6219,JD
Indigo,Robinet,5018,kO
Khaki,Margot,6097,lT
Green,Loralyn,5297,EU
Turquoise,Dana,7374,kX
Yellow,Jolee,5402,HX
Aquamarine,Dorri,8790,FU
Crimson,Diana,1328,eO
Pink,Hayley,0207,NU
Goldenrod,Maure,0215,jX
Maroon,Farah,1470,dT
Green,Livvy,7434,HK
Violet,Lemmy,5151,hJ
Fuscia,Meggie,0672,lZ
Mauv,Ezra,3527,wJ
Blue,Preston,6818,eF
Aquamarine,Anne,2186,lP
Mauv,Lock,6214,lP
Violet,Ansel,6810,dZ
Red,Ker,7528,QT
Pink,Iago,7219,TK
Crimson,Raf,4564,fK
Puce,Greg,2289,AI
Purple,Clerkclaude,3713,XJ
Violet,Vasili,1188,IC
Goldenrod,Timmi,5390,RC
Red,Carmelia,9751,LB
Teal,Shoshanna,9820,sO
Yellow,Abba,0272,fY
Khaki,Kariotta,0410,lE
Goldenrod,Nanon,4732,PT
Mauv,Jasmina,7338,PH
Pink,Dalila,7195,RJ
Fuscia,Jonis,8745,DC
Puce,Armstrong,4882,gT
Indigo,Paul,0300,vJ
Red,Hatty,0766,oQ
Maroon,Fionna,7502,tK
Maroon,Lazare,5959,oY
Indigo,Celene,2278,XL
Goldenrod,Chere,2351,JB
Chandler,Fuscia,0376,ZU
Goldarina,Green,1980,BG
Langston,Purple,3684,hP
Mikol,Mauv,9389,PP
Emma,Aquamarine,0191,RG
Arlene,Mauv,6622,XX
Devan,Crimson,2209,DX
Kathryn,Crimson,9102,NF
Johny,Red,5351,KP
Jo ann,Yellow,7874,yV
Gene,Violet,9661,vF
Luciana,Turquoise,4757,uZ
Eve,Goldenrod,7138,yV
Sunny,Violet,6047,EW
Matias,Turquoise,2732,YZ
Winfred,Indigo,7957,qG
Kesley,Khaki,1411,eX
Gherardo,Khaki,7372,XS
Louie,Crimson,1294,iV
Rosana,Goldenrod,4013,cF
Mallory,Pink,9694,BN
Fifi,Goldenrod,6698,DF
Ephraim,Goldenrod,4447,pY
Cindelyn,Fuscia,3210,IB
Dalenna,Blue,7670,uT
Hewett,Indigo,5444,wG
Ethel,Blue,0409,MG
Anders,Teal,6622,LF
Carlin,Goldenrod,6331,vI
Elinor,Goldenrod,0745,eX
Rosalinde,Red,7213,YG
Tirrell,Turquoise,0575,NV
Kevon,Maroon,8538,zE
Kally,Green,0698,vX
Bertina,Violet,8708,uJ
Forster,Blue,3473,NU
Grace,Indigo,4738,fI
Kerr,Crimson,5510,RK
Madlen,Purple,0893,hZ
Agneta,Violet,0225,RF
Brucie,Red,0755,aD
Elnar,Teal,9171,YC
Ewell,Red,9082,UW
Ty,Pink,0011,GU
Jany,Turquoise,8042,lC
Bengt,Crimson,2415,MX
Mata,Teal,9416,iH
Michal,Turquoise,8526,WS
Lester,Violet,3573,gH
Horatio,Orange,2736,LZ
Linnie,Aquamarine,7626,IK
Tammi,Aquamarine,7137,lL
Ira,Pink,6228,hR
Lucho,Teal,9881,fC
Cathe,Teal,0839,eO
Dara,Maroon,8604,AX
Janot,Indigo,6216,KM
Renae,Aquamarine,4461,fX
Nettie,Aquamarine,4404,QY
Emmey,Teal,1441,LP
Chuck,Violet,4756,uF
Robinet,Khaki,3519,wC
Ludwig,Violet,2281,eP
Wakefield,Mauv,2474,ZW
Homere,Turquoise,2607,lS
Janey,Pink,2718,qS
Andrew,Crimson,4475,cD
Gael,Fuscia,6000,GJ
Verene,Yellow,0995,hO
Care,Red,7020,SS
Drucill,Maroon,1620,sL
Aguie,Goldenrod,9918,RG
Urbanus,Aquamarine,0574,pV
Theo,Orange,3775,mJ
Karmen,Mauv,8240,dU
Ashia,Khaki,6687,XF
Karlene,Yellow,6754,CY
Anjela,Puce,3363,GJ
Roderich,Red,8246,VP
Worden,Mauv,9814,JJ
Elsa,Maroon,1024,uR
Ulrick,Pink,7627,oK
Poppy,Mauv,6588,xB
Zara,Yellow,8268,LQ
Jarrad,Aquamarine,9179,IS
Dorian,Aquamarine,3005,kJ
Leyla,Violet,6134,AX
Hurleigh,Mauv,7733,VM
Alis,Turquoise,5285,BL
Frannie,Khaki,1399,xC
Alfredo,Maroon,5252,iI
Arlinda,Fuscia,1808,jE
Bennie,Violet,6164,UD
Farr,Blue,4484,LY
Dan,Green,7995,hJ
Leona,Blue,1872,ZM
Cazzie,Red,2987,YV
Phip,Purple,0666,SS
Kellby,Fuscia,8409,OV
Bram,Red,1728,gJ
Alford,Orange,3911,WT
Jamill,Khaki,4287,uZ
Noelani,Aquamarine,0934,iM
Rodolphe,Crimson,1061,QF
Dominick,Fuscia,4756,cS
Nikolaus,Khaki,6876,mV
Bertha,Indigo,8614,IN
Elliot,Blue,8223,IX
Tye,Aquamarine,1326,NX
Aksel,Indigo,8177,GW
Blanche,Fuscia,5158,TI
Karen,Aquamarine,5933,vZ
Becki,Violet,7530,LW
Briny,Fuscia,2139,NX
Balduin,Teal,7027,wP
Marga,Turquoise,9453,AI
Jerry,Green,5841,GD
Raimondo,Violet,7026,OB
Bryn,Fuscia,2775,MM
Aksel,Turquoise,6268,EN
Margo,Turquoise,5007,cS
Amalita,Violet,7506,AH
Emmanuel,Turquoise,4536,VX
Isidor,Green,1882,LC
Jamey,Fuscia,1801,qV
Marius,Turquoise,9558,YP
Brock,Khaki,9288,wZ
Rutherford,Blue,9807,jO
Ethelbert,Red,1199,HA
Kennith,Orange,4187,bH
Nessie,Turquoise,1573,IZ
Leese,Red,5334,xL
Monica,Mauv,9559,nD
Lemar,Aquamarine,9087,iO
Hebert,Goldenrod,4053,WE
Blane,Indigo,6193,yG
Angelica,Orange,1532,nA
Julieta,Maroon,5090,nX
Sophia,Khaki,8575,sZ
Rikki,Goldenrod,8872,mV
Christoper,Puce,2096,IT
Udale,Mauv,6651,sD
Adena,Puce,9252,zK
Quentin,Red,4662,uU
Bing,Turquoise,4469,EG
Rosabel,Turquoise,3479,nK
Kary,Green,8475,GK
Emyle,Violet,2363,tM
Barn,Green,3958,ZI
Therine,Aquamarine,7158,MZ
Jamesy,Purple,0501,LT
Dru,Indigo,5046,YU
Gaile,Violet,8656,hB
Bessy,Pink,0082,HN
Roselle,Violet,7678,iA
Dreddy,Crimson,3222,VO
Jenelle,Red,6128,AU
Alberta,Fuscia,6523,sG
Sheridan,Fuscia,6704,nC
Bealle,Green,1604,EZ
Moria,Aquamarine,8973,CJ
Adrianne,Indigo,7998,dH
Archie,Yellow,0011,uJ
Gill,Yellow,9057,UD
Kimberli,Yellow,8207,WK
Conney,Fuscia,7225,zE
Greggory,Pink,6080,XC
Neall,Blue,8948,wL
Dermot,Red,9991,jO
Winnie,Fuscia,4503,qL
Neda,Khaki,2657,MJ
Allie,Maroon,5646,lE
Sanders,Maroon,2973,SW
Whittaker,Khaki,5679,OA
William,Turquoise,9736,eJ
Sheree,Indigo,6257,WO
Cloris,Violet,2358,NQ
Lu,Aquamarine,2743,hA
Franny,Orange,7601,OA
Bernadine,Green,5467,XI
Odette,Fuscia,7793,EX
Wilow,Pink,4340,YH
Briant,Crimson,7432,oT
Rosemaria,Purple,3086,bZ
Diana,Mauv,1727,cV
Jenilee,Purple,0381,OG
Mickey,Goldenrod,8734,IK
Doy,Khaki,6022,kX
Jody,Aquamarine,0090,EP
Amabelle,Pink,3633,JK
Ondrea,Goldenrod,9448,eZ
Arny,Crimson,4961,mF
Cristie,Fuscia,6014,KW
Ernesto,Crimson,0887,NB
Julian,Yellow,6446,yR
Camila,Red,6974,uK
Guglielma,Khaki,8029,oH
Wright,Pink,6513,NL
Renata,Green,6161,FC
Andriana,Crimson,1468,PY
Cobb,Teal,1005,mY
Farra,Mauv,5789,PN
Hussein,Green,7686,iR
Prince,Crimson,9835,RN
Elsbeth,Green,4331,PR
Delmar,Pink,2734,kK
Mareah,Khaki,3350,dC
Ronni,Red,4894,SX
Krista,Orange,5447,lV
Merilyn,Green,1826,RM
Andra,Mauv,8274,uN
Kimberlee,Puce,0063,tS
Walden,Pink,9237,CL
Mandie,Blue,9144,VM
Vale,Pink,0242,FP
Almira,Turquoise,0571,yE
Rita,Teal,0685,vC
Mortimer,Aquamarine,6177,VW
Rhiamon,Yellow,3214,mF
Vallie,Fuscia,4692,VS
Margarete,Crimson,1895,vZ
Tabbie,Yellow,5889,oD
Leilah,Mauv,7839,gR
Milka,Teal,3937,kW
Cornela,Purple,8900,GB
Sherri,Turquoise,2398,qD
Kermy,Green,7759,lI
Sam,Pink,5384,QK
Sander,Blue,1265,tY
Burnaby,Khaki,6639,AX
Boyd,Aquamarine,0565,FM
Bernard,Mauv,1966,nY
Meridith,Puce,0970,sS
Pepe,Fuscia,4586,bL
Ranique,Teal,2866,qA
Harp,Mauv,1283,cP
Alix,Orange,6026,fM
Kassie,Maroon,0497,eY
Ewart,Turquoise,2770,KK
Francyne,Red,0421,NG
Prisca,Green,6215,AA
Weylin,Khaki,0213,hH
Gan,Indigo,7383,fK
Deidre,Aquamarine,1163,UL
Clareta,Green,7278,nC
Randolf,Turquoise,1896,nM
Lon,Orange,4677,qJ
Modesty,Green,4843,vL
Austina,Puce,5080,SW
Allen,Orange,8033,iA
Riordan,Khaki,6887,hR
Nathanil,Crimson,1118,ZJ
Tersina,Crimson,0086,cI
Rockie,Yellow,6419,SI
Adorne,Violet,1580,bY
Fran,Turquoise,4269,AT
Elbert,Violet,9524,oS
Rozanna,Blue,8987,kN
Seamus,Blue,3670,iO
Lola,Violet,8578,aD
Brigitte,Maroon,8857,zB
Bord,Green,7266,lE
Farra,Crimson,8804,QR
Edythe,Goldenrod,6678,yX
Wallace,Orange,6320,jI
Fanchette,Red,2414,nR
Bell,Teal,2620,kU
Peder,Red,9043,tH
Lesli,Teal,2490,BG
Norris,Pink,4704,MP
Carree,Indigo,7258,nF
Rodolfo,Aquamarine,3997,ZD
Sammy,Green,3541,uO
Noreen,Mauv,4055,rV
Molly,Puce,7371,FF
Cort,Crimson,2656,SK
Milt,Yellow,5337,QX
Ave,Aquamarine,0162,YG
Katti,Green,4733,sK
Isa,Indigo,5055,PU
Isacco,Khaki,5381,oF
Veradis,Crimson,8631,ZQ
Chrystal,Fuscia,4458,QD
Charisse,Puce,1639,AP
Kerianne,Orange,0810,YD
Devina,Puce,6510,eA
Padgett,Fuscia,0702,GW
Yancey,Maroon,4992,jP
Ronda,Green,3749,NB
Minetta,Puce,6839,TE
Vittoria,Khaki,5389,BD
Melinda,Teal,6992,mF
Odille,Turquoise,4504,AG
Lissi,Goldenrod,7477,jU
Vevay,Violet,1351,jP
Starlin,Fuscia,6024,bP
Rheta,Blue,3390,fZ
Goddard,Maroon,0003,wM
Zebadiah,Maroon,7216,OB
Hank,Maroon,7860,gS
Colene,Orange,6091,HO
Helena,Khaki,8064,dH
Dita,Indigo,5419,fF
Morly,Fuscia,4387,sG
Jemmy,Aquamarine,7374,OS
Kacie,Violet,6247,wU
Engracia,Crimson,1008,AB
Dalt,Violet,4113,HU
Patrice,Purple,7565,fK
Fredra,Purple,8341,XE
Silvana,Green,2626,TD
Ingaborg,Mauv,2119,tI
Elbertina,Blue,1983,uK
Lucian,Puce,0961,cH
Braden,Green,4565,RO
Arabel,Fuscia,0844,IR
Jermayne,Pink,9392,yR
Dori,Red,8985,iJ
Candice,Aquamarine,6401,aV
Karlee,Blue,1422,kM
Jeanelle,Purple,5151,aP
Antony,Goldenrod,2019,AA
Aidan,Fuscia,6956,eG
Moreen,Red,9545,DG
Monro,Yellow,1523,tO
Catlee,Purple,9815,qJ
Mahmoud,Blue,3493,JW
Ramonda,Mauv,9316,EC
Minta,Violet,5524,lV
Bogart,Green,2630,EC
Hilary,Blue,1305,PD
Jemie,Puce,2368,PD
Drusy,Teal,9083,rL
Kira,Yellow,5670,OY
Yuri,Goldenrod,2983,BJ
Shelby,Orange,4268,TD
Janeta,Pink,9678,KZ
Florette,Mauv,5938,cD
Alexandra,Puce,3801,pE
Bridgette,Indigo,9028,JA
Cecilla,Orange,2722,oL
Patrica,Purple,9753,uA
Issi,Yellow,7168,jW
Fayina,Crimson,9894,IQ
Georgeta,Teal,3087,bC
Bearnard,Puce,6177,WR
Bekki,Purple,9039,zF
Noami,Orange,0467,KY
Bryant,Violet,0846,jR
Tabbie,Blue,3848,yM
Randall,Teal,8685,NX
Monroe,Puce,3154,AU
Juanita,Red,6119,CA
Cristy,Violet,1593,KX
Winfred,Puce,6402,YZ
Hilary,Blue,1980,MM
Lance,Violet,2474,oH
Hewitt,Mauv,4884,ID
Denni,Aquamarine,8282,CT
Kilian,Khaki,3638,dJ
George,Red,7912,pU
Lorrie,Orange,9119,TC
Shadow,Khaki,2701,fE
Elvera,Green,8631,iI
Dagmar,Yellow,7003,OQ
Antonin,Fuscia,1979,yI
Inesita,Fuscia,6371,jU
Freddy,Yellow,7731,wZ
Lilly,Mauv,2664,jE
Pooh,Goldenrod,8674,oT
Gretal,Yellow,1529,UB
Gibby,Mauv,1541,LZ
Bari,Goldenrod,6881,cW
Allix,Blue,3440,eP
Dwayne,Indigo,5244,cN
Crystie,Orange,1652,SG
Cobbie,Green,9305,pE
Joelie,Teal,0344,NR
Meris,Indigo,0788,MP
Monique,Crimson,2040,UY
Shurlock,Maroon,3108,VB
Duff,Goldenrod,8259,bJ
Neila,Purple,8292,VV
Thane,Goldenrod,0824,yQ
Belle,Pink,5535,zO
Vonni,Fuscia,7035,KW
Brittan,Red,9557,RD
Amber,Aquamarine,5209,IR
Siana,Teal,4153,AF
Guillemette,Khaki,3309,BE
Stormi,Crimson,9917,cQ
Easter,Purple,0515,HT
Uriel,Red,2781,yB
Yul,Crimson,1279,wC
Trent,Yellow,6960,WD
Hashim,Violet,9322,iQ
Nobe,Orange,4630,tC
Kata,Aquamarine,4397,IJ
Tally,Orange,1429,LT
Fancy,Khaki,0764,CG
Starr,Green,8047,pZ
Nye,Indigo,6245,GO
Keefer,Goldenrod,3335,AH
Doralynne,Yellow,6452,uA
Lorri,Violet,3925,XF
Rocky,Pink,9573,KJ
Genevieve,Purple,4817,kD
Rustin,Teal,0866,PX
Odie,Violet,2620,sL
Gian,Red,8088,OE
Robyn,Goldenrod,8003,GC
Giacomo,Aquamarine,8488,OO
Cherianne,Puce,3509,DC
Yolanda,Aquamarine,8026,QR
Rodd,Violet,6467,KK
Ivory,Blue,2647,BC
Forster,Goldenrod,7337,eE
Emanuele,Khaki,0066,pI
Lane,Fuscia,3277,OU
Madella,Red,7088,sP
Mozes,Mauv,0121,mN
Blakelee,Teal,5756,gB
Kaile,Orange,8946,bS
Beatrix,Orange,0385,yT
Vinnie,Aquamarine,6738,yB
Wallie,Yellow,7860,kW
Simon,Aquamarine,7494,WU
Dehlia,Red,6460,pA
Rochelle,Puce,4821,oP
Marthena,Blue,9044,PZ
Ike,Mauv,7723,HA
Viole,Puce,7771,oJ
Shelly,Red,4322,aC
Elga,Mauv,2193,mG
Ephrem,Yellow,5257,hV
Terry,Crimson,5624,FZ
Emmerich,Indigo,3150,lH
Marysa,Red,6294,iS
Miran,Maroon,9442,wJ
Joachim,Fuscia,3753,lC
Mollie,Khaki,3959,YV
Velvet,Blue,2668,pE
Jodi,Mauv,9303,oH
Gage,Goldenrod,4863,xN
Sid,Red,3589,pK
Mathilde,Aquamarine,0187,nQ
Gaynor,Mauv,6791,pM
Barney,Khaki,1591,uO
Ashil,Crimson,6005,zI
Bonny,Turquoise,9250,RJ
Steven,Goldenrod,8026,bB
Bethena,Khaki,9669,tK
Alyda,Yellow,3672,bU
Reggie,Violet,8146,NY
Gaven,Yellow,0180,HN
Allsun,Orange,2708,vR
Gustavus,Crimson,7867,vV
Arvin,Indigo,5021,MS
Cale,Red,3513,FO
Gorden,Violet,1122,mA
Alwin,Turquoise,6098,UF
Misti,Aquamarine,4627,aH
Mufi,Red,7261,mI
Emiline,Red,4029,HJ
Moshe,Fuscia,3449,VB
Garrot,Mauv,3223,UE
Levey,Orange,0947,wY
Gallagher,Violet,9158,QN
Karoly,Teal,7641,sW
Hobart,Khaki,6035,AL
Letisha,Green,8892,IR
Madelon,Khaki,4171,TI
Marleah,Green,0418,wE
Lexine,Aquamarine,6291,wU
Bianka,Khaki,1006,bT
Carin,Puce,9591,sR
Felicle,Orange,5208,pA
Rozamond,Puce,8500,ML
Diahann,Turquoise,4672,gI
Barbie,Pink,0362,YU
Ase,Teal,4378,dI
Irene,Puce,6061,BL
Ebeneser,Green,4295,HG
Alli,Maroon,5998,NX
Adan,Crimson,4943,OA
Aurora,Pink,7200,CN
Chrystal,Maroon,1601,GG
Margarette,Mauv,6360,fC
Lucas,Red,8222,dV
Grier,Pink,5719,XQ
Vivie,Blue,7795,nP
Jorrie,Goldenrod,2286,dQ
Brandise,Pink,5214,bU
Jenna,Puce,1689,DY
Batholomew,Pink,2897,bW
Hector,Puce,5723,KX
Werner,Red,9794,IH
May,Blue,6344,GD
Mandel,Puce,8399,PL
Shepard,Pink,9051,eL
Joey,Puce,8153,UP
Bertine,Green,0268,CP
Ray,Blue,2597,aS
Catina,Aquamarine,8028,MU
Jerri,Aquamarine,7017,mG
Ruy,Purple,4876,TW
Jarred,Crimson,8020,LF
Susi,Turquoise,9948,RF
Andonis,Pink,2853,qO
Zandra,Purple,6172,uE
Dorette,Mauv,4419,TV
Agnella,Teal,8127,RI
Shoshanna,Indigo,5666,sG
Sheena,Blue,7864,xV
Bent,Puce,6185,fE
Jennie,Maroon,3011,FG
Jonell,Fuscia,6056,xU
Skippy,Crimson,2329,FD
Jordanna,Green,0664,nG
Parry,Indigo,5224,RV
Gus,Puce,6578,CJ
Dosi,Pink,1611,AL
Hedwiga,Puce,4540,ZF
Moe,Orange,3427,SO
Culley,Indigo,0888,FP
Tanny,Yellow,0971,yD
Mayor,Red,5002,aQ
Byron,Purple,2427,vS
Sharai,Aquamarine,1770,uV
Garrick,Indigo,7469,DV
Lorri,Red,8802,sM
Fabiano,Purple,6875,PE
Krystyna,Pink,7352,kZ
Debby,Orange,2061,pL
Decca,Yellow,2299,qG
Florian,Orange,0958,MB
Tallulah,Indigo,2346,QE
Hilde,Purple,2140,xJ
Derril,Green,0890,uA
Marilyn,Mauv,0159,WO
Zarah,Puce,2070,SK
Willey,Fuscia,2221,YD
Elfrieda,Red,5576,hH
Esme,Red,4788,vG
Silvie,Teal,5055,iB
Ralf,Khaki,3579,mS
Willi,Orange,0325,fR
Eb,Yellow,9112,ZZ
Walker,Purple,8813,yK
Rochester,Orange,4708,lE
Livvyy,Teal,1964,yU
Magdalene,Khaki,5703,xU
Skye,Yellow,0569,hL
Nicolette,Turquoise,7226,WR
Christal,Teal,8350,mK
Gianina,Puce,8520,EQ
Tarra,Orange,8263,cY
Augustus,Red,3978,PG
Aurel,Puce,6652,RJ
Helenka,Purple,0670,dU
Salome,Mauv,1796,pG
Belicia,Teal,1061,FV
Guillema,Red,9497,oR
Robby,Purple,0296,IA
Dasi,Goldenrod,6991,VO
Raine,Puce,7210,RN
Starlene,Pink,5465,gE
Alethea,Maroon,9334,ZQ
Jamie,Maroon,8459,FH
Berky,Indigo,8951,bE
Charo,Green,7983,RY
Emmie,Red,5954,MJ
Frankie,Purple,6319,EX
Bourke,Khaki,0515,gY
Arlana,Purple,4977,CZ
Barbee,Maroon,9110,GP
Tatiana,Orange,5329,pQ
Sue,Crimson,7111,gK
Suki,Aquamarine,9193,YQ
Curr,Violet,0804,qC
Babara,Teal,7943,DY
Julieta,Puce,7167,RI
Elianore,Orange,0914,wC
Bronnie,Mauv,4289,AQ
Karisa,Crimson,2809,JH
Clementius,Violet,7430,JU
Griffy,Teal,7361,IK
Jareb,Yellow,4218,aE
Bella,Red,9825,wU
Cally,Maroon,2073,mT
Paddie,Red,3441,JC
Reeba,Orange,4195,EE
Ward,Red,2848,fO
Chad,Orange,3854,UR
Suzie,Turquoise,7049,yC
Lefty,Yellow,2082,uV
Juana,Aquamarine,9912,yE
Skippie,Puce,1046,hZ
Josefina,Purple,9180,mU
Rona,Green,2984,VF
Arlina,Green,7987,EM
Madonna,Puce,2947,DI
Ailina,Teal,8381,RG
Elle,Puce,6461,TS
Wenda,Pink,9429,qO
Bianka,Crimson,2501,NX
Carley,Indigo,2495,HJ
Wynnie,Red,2748,tU
Tabby,Fuscia,7661,vY
Tudor,Crimson,1610,FX
Meridel,Blue,5792,OV
Agace,Blue,0634,aY
Devonne,Violet,6718,BJ
Koo,Puce,3654,FO
Lane,Maroon,4340,AM
Emogene,Purple,1350,LO
Beverly,Orange,7784,uG
Andria,Crimson,0072,WG
Guendolen,Green,3672,xW
Ciel,Violet,5414,VA
Wang,Red,6225,RH
Gerda,Turquoise,5265,oT
Hetti,Green,3655,FB
Garold,Orange,0486,hW
Bobbee,Fuscia,9918,NM
Lyn,Pink,4313,ZM
Alejandra,Mauv,4934,xX
Caresa,Indigo,5467,nZ
Bunnie,Pink,2123,jD
Jaquenette,Teal,4930,tC
Dodie,Green,4262,CK
Bibby,Orange,2464,WM
Bernard,Violet,2749,iJ
Lindy,Violet,9783,mV
Ronna,Crimson,6949,CZ
Nikolia,Mauv,9801,JY
Carlynne,Puce,9535,AR
Kimberlee,Yellow,5811,HJ
Kaia,Orange,6890,WJ
Petronilla,Crimson,2771,vD
Bartholomew,Pink,4599,PI
Dougie,Red,4410,xW
Karmen,Goldenrod,9294,yN
Marylynne,Pink,8767,uT
Maegan,Indigo,9155,AG
Konstanze,Puce,5151,eG
Dal,Khaki,6052,qL
Sherie,Pink,5024,WZ
Nolan,Maroon,8126,SY
Eva,Violet,9448,NH
Rockey,Mauv,9594,tD
Margaretta,Mauv,4711,ZG
Levin,Red,3073,rI
Niki,Yellow,5596,DA
Darrick,Teal,8824,wP
Emily,Pink,6460,QQ
Tudor,Indigo,5358,vW
Kane,Yellow,3923,WH
Hobard,Goldenrod,0040,qC
Edgar,Mauv,8831,wB
Vinny,Orange,7569,JA
Andreana,Red,3573,MG
Roby,Goldenrod,3092,GY
Terri,Teal,0970,VQ
Eloisa,Fuscia,8488,TI
Naomi,Red,6993,QE
Ketti,Maroon,0983,IU
Josepha,Green,7473,GB
Carilyn,Green,7970,ZB
Cynthea,Fuscia,1493,NT
Cookie,Goldenrod,5929,NG
Jordanna,Puce,8862,HA
Corabelle,Aquamarine,5563,iA
Kaylee,Yellow,9876,YN
Iris,Indigo,8051,tD
Danit,Maroon,7374,sR
Flinn,Fuscia,7774,fD
Harley,Khaki,2432,kP
Derron,Indigo,6183,xV
Marlee,Maroon,3856,nS
Hewie,Fuscia,5523,qF
Kelli,Teal,7317,NU
Bastien,Turquoise,2461,IQ
Cyrille,Turquoise,3555,rJ
Alvira,Aquamarine,5489,rJ
Tildy,Pink,8180,bZ
Hillary,Khaki,8083,lN
Rand,Pink,0519,RO
Eula,Fuscia,4657,eK
Inglis,Maroon,5293,eC
Harriott,Turquoise,3422,QK
Beatrice,Puce,1967,ID
Lonna,Puce,8933,eD
Baird,Pink,5584,mE
Cedric,Teal,4984,QR
Conchita,Fuscia,7351,SH
Ally,Crimson,6221,pF
Darrin,Blue,9138,OI
Orazio,Yellow,1171,uZ
Aloin,Pink,3009,LG
Jackson,Orange,9773,XA
Dasi,Fuscia,8332,oH
Fitz,Purple,6100,uZ
Dewain,Green,0350,qJ
Jenine,Mauv,8955,PW
Sonni,Blue,6684,xI
Trina,Teal,4335,yA
Trumann,Maroon,3049,JO
Brody,Red,6786,HC
Dean,Khaki,1075,jY
Agustin,Crimson,8011,KJ
Keelby,Mauv,5829,TB
Celestia,Violet,6756,OS
Skell,Teal,5925,uD
Adolpho,Maroon,5186,jM
Katheryn,Teal,3526,IS
Kile,Aquamarine,1560,XY
Wendye,Yellow,3763,jG
Bowie,Pink,9872,hJ
Barton,Orange,8722,pS
Ward,Red,2534,tS
Nathan,Blue,7402,MO
Gerrie,Khaki,5193,KB
Padraic,Aquamarine,2944,QF
Dylan,Fuscia,1392,DT
Hardy,Goldenrod,3628,FT
Teddie,Indigo,7319,HC
Giraldo,Crimson,9492,JZ
Coleman,Green,1839,KS
Tarrance,Turquoise,7608,HP
Jarrett,Turquoise,2009,BG
Rosemarie,Crimson,0333,RP
Albertine,Pink,2909,WO
Emelia,Maroon,3852,pM
Marwin,Mauv,2614,MT
Albertine,Teal,9122,EM
Georgy,Puce,3351,wS
Henryetta,Maroon,7968,KQ
Caril,Violet,6169,vU
Jabez,Puce,4662,kO
Johnna,Teal,5097,fV
Kania,Violet,5534,qP
Ambros,Blue,6662,oE
Bamby,Goldenrod,2475,MV
Ivar,Goldenrod,8491,dQ
Dell,Turquoise,0865,QO
Rancell,Aquamarine,0271,kQ
Ryley,Red,3283,CD
Giacomo,Fuscia,3447,EP
Huntley,Violet,8976,qP
Farrel,Pink,3657,KR
Delaney,Goldenrod,8096,IN
Lowe,Mauv,4983,DY
Ganny,Orange,6802,eZ
Dori,Purple,6342,qH
Sonny,Indigo,9472,ZI
Doria,Orange,2353,iM
Thurston,Fuscia,8684,rU
Donny,Crimson,9943,KQ
Nial,Red,1213,FR
Alfredo,Fuscia,2165,mY
Nancy,Indigo,2271,MW
Hogan,Puce,6028,jE
Willi,Khaki,7711,oG
Win,Mauv,7968,tP
Vivian,Maroon,6234,UR
Janenna,Maroon,1307,GI
Ericha,Yellow,7602,nR
Constantina,Mauv,3264,gQ
Vivianna,Indigo,3481,jC
Padraig,Blue,7604,kG
Cheryl,Red,9757,uZ
Tish,Orange,8761,CL
Mariquilla,Red,1551,kE
Bernie,Crimson,2541,mA
Tommy,Purple,5108,SX
Hernando,Violet,3548,SV
Beilul,Aquamarine,4864,LP
Carolina,Mauv,4232,gZ
Pattie,Goldenrod,6911,uL
Danette,Mauv,8784,PF
Bryant,Yellow,1921,vL
Nataline,Indigo,7930,ZR
Madeline,Aquamarine,7266,gD
Tye,Orange,4950,IK
Romonda,Orange,2314,hK
Sharyl,Puce,7430,hD
Lise,Khaki,3765,tY
Alika,Crimson,3971,RR
Lorain,Maroon,6615,AI
Otes,Khaki,9734,fG
Amalle,Purple,5252,MQ
Rolfe,Orange,0197,dH
Brunhilda,Yellow,2545,jS
Salem,Aquamarine,4140,zV
Shari,Teal,4343,EG
Judd,Blue,1761,FO
Ninette,Crimson,2975,GK
Celie,Violet,5840,cQ
Niven,Teal,3496,MM
Caralie,Puce,4247,LL
Boote,Crimson,1702,xW
Jemimah,Indigo,4417,iQ
Burgess,Red,9518,SZ
Tom,Orange,2798,uF
Grantham,Maroon,0543,eX
Fields,Turquoise,1432,VB
Kelly,Pink,0403,mC
Fee,Goldenrod,9301,fS
Lianna,Violet,0397,fT
Auria,Crimson,2336,aL
Tracy,Indigo,6595,EL
Valli,Teal,0066,HY
Leesa,Fuscia,0610,HL
Bethina,Goldenrod,1529,OE
Koren,Indigo,1695,GD
Rowen,Blue,6893,rV
Emmalyn,Teal,5765,SF
Herve,Teal,6275,vM
Tomas,Fuscia,3606,SJ
Kane,Green,7827,xS
Barbette,Blue,6315,KO
Ailbert,Blue,5770,XZ
Justinn,Purple,0609,WH
Clevey,Purple,5637,nR
Dela,Goldenrod,3421,yQ
Carmelita,Green,0052,gZ
Hillie,Fuscia,2072,tE
Tobiah,Turquoise,7669,GM
Bliss,Turquoise,6178,jQ
Maegan,Maroon,8129,GO
Ranice,Red,6323,CE
Ellery,Green,5359,RM
Edyth,Mauv,0424,XG
Pattie,Goldenrod,6660,cU
Annelise,Mauv,3846,iM
Renelle,Crimson,1980,vN
Serge,Red,5778,rR
Zarah,Fuscia,1357,MX
Maris,Red,3700,CZ
Alric,Indigo,9898,yX
Becki,Pink,0590,zH
Jimmie,Yellow,9848,gO
Jana,Pink,5125,wQ
Whittaker,Khaki,5127,XX
Hedi,Pink,6155,JN
Zack,Yellow,2806,oD
Karney,Violet,9882,qX
Vanni,Aquamarine,0827,uZ
Kelsey,Aquamarine,1085,yQ
Park,Violet,6037,oC
Tanner,Green,2950,gH
Dara,Pink,9426,rV
Elyn,Turquoise,6658,MM
Gavrielle,Khaki,4256,wS
Wye,Purple,6732,SN
Raddy,Goldenrod,6568,JO
Lesya,Pink,4066,UN
Dominik,Orange,0167,iI
Chandal,Green,1526,DR
Florida,Pink,7424,BI
Quintilla,Purple,9195,SM
Kally,Crimson,0609,DP
Terra,Khaki,6347,HX
Evangeline,Crimson,6674,II
Fran,Mauv,7212,wB
Ivette,Green,5914,OG
Constantia,Turquoise,3760,TI
Gilberta,Red,1153,CD
Jordan,Indigo,8765,hQ
Jacki,Teal,0596,ZX
Shelba,Crimson,0608,VS
Dalia,Yellow,6132,YE
Hanson,Khaki,7608,OV
Mady,Teal,8263,LD
Guido,Red,9959,lW
Mathilda,Puce,7379,BS
Ahmed,Violet,9143,kP
Kennedy,Fuscia,2666,yT
Eddie,Khaki,6277,kS
Sybil,Mauv,4228,kS
Addie,Green,1682,sU
Jacques,Khaki,4235,rF
Olag,Crimson,7577,VF
Ronny,Turquoise,5351,XJ
Ansel,Puce,9340,lS
Bliss,Puce,1746,GI
Isabeau,Turquoise,1445,YO
Gerik,Puce,0587,CY
Giacinta,Crimson,7051,ZM
Stanfield,Indigo,4258,tZ
Weber,Crimson,0434,lL
Correna,Orange,9643,eT
Gweneth,Purple,0841,oL
Konstantine,Indigo,0200,NV
Jonie,Red,1728,sA
Cathe,Goldenrod,4382,sK
Burton,Mauv,9073,lL
Bud,Goldenrod,7956,SB
Paulo,Purple,8280,gG
Bryana,Indigo,4058,YW
Malorie,Maroon,0668,SZ
Mercie,Red,3330,LR
Fifi,Red,3349,iX
Welch,Pink,2055,TI
Chad,Blue,7123,XJ
Tallie,Khaki,7533,qF
Corrina,Crimson,4856,iQ
Benyamin,Puce,9650,BU
Emmet,Orange,5951,zK
Ermentrude,Crimson,1425,QY
Sherm,Fuscia,9290,xI
Case,Crimson,5770,dD
Talbot,Indigo,6732,KS
Lauryn,Maroon,1827,VB
Ethelyn,Puce,0953,mM
Leslie,Maroon,8869,SJ
Kris,Aquamarine,7490,gD
Gianna,Yellow,1423,fT
Brook,Crimson,2430,MJ
Eamon,Yellow,0284,TG
Tann,Pink,3934,pF
Rees,Blue,5505,ZF
Nellie,Fuscia,3962,GV
William,Mauv,9323,xJ
Spike,Goldenrod,9258,dA
Jonathan,Khaki,1658,cC
Ripley,Yellow,2644,lI
Pail,Green,0525,MK
Mirabelle,Yellow,4175,OE
Marni,Blue,6275,XJ
Salaidh,Turquoise,9229,RO
Benjamin,Goldenrod,7228,eR
Brinna,Purple,9751,xD
Mohammed,Crimson,9873,aW
Daune,Violet,8824,DK
Dynah,Red,7962,mY
Jenda,Goldenrod,9584,mK
Cymbre,Teal,2301,DX
Philbert,Teal,4205,cO
Ivar,Teal,1328,CH
Korey,Maroon,1798,GA
Valene,Pink,3484,vN
Fremont,Teal,0169,EG
Jeanne,Orange,5434,rJ
Allissa,Aquamarine,7388,iN
Donielle,Violet,4403,fE
Elsinore,Teal,2605,mH
Elke,Green,8671,QJ
Basia,Purple,1135,eS
Denney,Blue,8571,rV
Zelma,Yellow,2772,zC
Lindsy,Green,6968,RQ
Teddy,Red,8775,VO
Kaleena,Blue,6467,SP
Alvy,Green,1210,HW
Brigg,Green,8058,ZV
Molly,Aquamarine,2726,CQ
Quintana,Teal,3899,wE
Lombard,Teal,6009,pO
Lyle,Yellow,2748,WX
Ashlan,Maroon,7075,LA
Laney,Teal,8580,mC
Erma,Fuscia,2298,hO
Edd,Red,4258,UG
Deanna,Yellow,8302,LH
Worth,Puce,4533,EX
Nowell,Aquamarine,8435,tI
Mandy,Goldenrod,0068,eV
Krystyna,Crimson,8138,EV
Kimball,Red,7120,uH
Phyllys,Teal,1355,xH
Kenn,Violet,8924,hW
Kristyn,Aquamarine,9583,lP
Rudy,Aquamarine,5784,wM
Julietta,Crimson,9219,QA
Zarah,Fuscia,2780,sX
Baxy,Turquoise,5776,FR
Natassia,Aquamarine,6671,RU
Petrina,Indigo,0473,yN
Margi,Violet,6892,KV
Silvan,Yellow,9158,VU
Herschel,Red,3655,zW
Addia,Blue,7942,RI
Wayne,Goldenrod,0398,eR
Gae,Crimson,7119,qM
Randee,Aquamarine,1683,lT
Franky,Green,9075,wF
Marta,Blue,9951,YF
Peter,Red,4419,DJ
Karel,Crimson,6321,mK
Eadmund,Purple,6393,RZ
Yolane,Violet,0131,JQ
Osbourn,Green,2752,nC
Manfred,Blue,9890,lU
Kelsy,Purple,2069,UH
Devinne,Yellow,2992,oM
Lennie,Turquoise,1818,kQ
Buffy,Orange,2189,PC
Tansy,Violet,0614,mC
Violet,Mikael,4566,LG
Red,Kacy,7129,oW
Pink,Alasdair,6454,JU
Crimson,Genny,8465,dM
Fuscia,Harlie,7701,eS
Turquoise,Daria,6211,XS
Aquamarine,Pat,8215,xB
Maroon,Oliy,2025,PH
Crimson,Claresta,3068,zJ
Orange,Kurt,1073,mE
Orange,Fee,1675,nY
Crimson,Melvin,2881,gV
Khaki,Elliot,5829,MQ
Indigo,Kerwinn,7402,tJ
Crimson,Bengt,3919,JL
Goldenrod,Chiarra,4143,ED
Goldenrod,Robinet,9957,hR
Green,Valdemar,2320,AE
Goldenrod,Baxy,7513,dH
Crimson,Sarena,9401,sA
Crimson,Emmalynn,4079,eQ
Goldenrod,Libbie,0244,wI
Purple,Jeno,6080,TZ
Pink,Tuck,1472,TD
Fuscia,Ranice,8921,wX
Aquamarine,Bo,9592,IK
Aquamarine,Judith,2229,KQ
Puce,Tabbitha,8791,UJ
Blue,Brita,5813,gH
Turquoise,Cosmo,1556,jK
Fuscia,Bendix,1393,fW
Teal,Payton,3948,rA
Red,Burke,3071,nD
Turquoise,Elka,7047,TJ
Crimson,Mead,1902,SB
Mauv,Court,6400,BK
Green,Pembroke,5848,nH
Blue,Wendeline,4349,vL
Purple,Juliet,5747,lV
Turquoise,Luci,2848,TJ
Orange,Upton,5402,OW
Purple,Giuseppe,2859,kC
Indigo,Rachele,1770,tR
Violet,Norrie,2956,mU
Fuscia,Karyl,2149,MK
Puce,Marius,9070,KN
Puce,Vincents,0697,bY
Blue,Tucker,5409,jJ
Khaki,Evvy,8424,JS
Puce,Desi,4230,FY
Fuscia,Robinett,3123,VT
Violet,Kara-lynn,4020,LI
Puce,Ceil,2438,sR
Khaki,Patric,1313,dA
Orange,Mirabel,7297,WG
Aquamarine,Loralee,5286,xK
Pink,Alexis,3911,QK
Red,Floria,4452,CV
Goldenrod,Bryce,4777,OR
Fuscia,Margery,8059,TN
Puce,Roderich,0772,zM
Fuscia,Neall,5841,fO
Khaki,Mischa,4718,IB
Red,Bert,0373,DG
Green,Mack,1959,CX
Crimson,Dorian,8327,CB
Blue,Dael,4511,eZ
Puce,Aldridge,0467,wA
Indigo,Quinton,5422,LO
Yellow,Duane,4727,PO
Teal,Kalindi,3252,jK
Orange,Perl,3908,iN
Turquoise,Dimitry,9934,VG
Maroon,Matteo,3429,TB
Blue,Delila,5669,IH
Violet,Jenilee,4080,RK
Teal,Timmie,6695,vY
Fuscia,Boyce,5160,qQ
Mauv,Wallis,7519,GM
Yellow,Nickolaus,7120,VN
Red,Carlina,4642,ND
Indigo,Ogdan,6981,fF
Aquamarine,Ronny,8464,WI
Fuscia,Concordia,7887,TE
Maroon,Eddie,4640,kR
Teal,Wesley,5446,yH
Green,Rustie,7948,uT
Turquoise,Prudi,3337,yH
Maroon,Katuscha,0238,HI
Pink,Flynn,9065,fV
Aquamarine,Emmanuel,6089,vV
Indigo,Florentia,5544,rL
Puce,Gypsy,0329,jO
Yellow,Desmond,6712,UG
Khaki,Allison,9424,JY
Yellow,Valencia,0655,bY
Aquamarine,Walther,6544,VF
Indigo,Parker,5241,GK
Khaki,Tiena,4709,yO
Mauv,Lexy,8770,vB
Yellow,Lula,9536,aT
Orange,Gino,0674,NO
Orange,Irina,2099,gW
Maroon,Ellynn,0470,lC
Blue,Joellyn,5346,yU
Blue,Aloise,0720,SS
Yellow,Kathi,0406,SU
Goldenrod,Ernaline,6302,oC
Aquamarine,Joby,0200,tP
Fuscia,Karly,4812,uN
Indigo,Melamie,5981,eK
Green,Pyotr,9136,II
Yellow,Aldric,0906,uR
Purple,Darin,1589,rU
Teal,Ambrosius,4945,yL
Yellow,Cary,6190,RX
Blue,Catlaina,6012,DA
Crimson,Cammy,2615,IS
Orange,Palm,6973,QY
Blue,Yvonne,6558,OY
Maroon,Lucille,2292,cY
Purple,Ebenezer,7919,TF
Blue,Brianna,7755,AM
Violet,Francoise,0212,RB
Green,Marmaduke,3286,DD
Aquamarine,Samuele,7601,ZX
Green,Melloney,8971,MY
Red,Ellie,4332,jZ
Goldenrod,Dew,0426,fP
Red,Ollie,0230,RJ
Fuscia,Garret,7795,ZL
Yellow,Veradis,2204,XT
Indigo,Quintin,9885,PF
Indigo,Jenilee,2699,XR
Red,Ronica,5005,AO
Purple,Cynthea,7254,oC
Teal,Merwin,1456,ES
Pink,Joane,4942,dC
Aquamarine,Bette-ann,9603,GN
Blue,Garnette,5705,GW
Khaki,Eward,3263,jC
Maroon,Karolina,3513,ZM
Maroon,Natala,2585,GV
Crimson,Nariko,0124,xT
Indigo,Ken,2105,uE
Puce,Dreddy,4572,oO
Goldenrod,Zedekiah,0648,PI
Fuscia,Binky,7268,ZS
Teal,Kaia,5347,gL
Purple,Beryle,0703,xQ
Teal,Jacquelyn,1551,cS
Aquamarine,Cody,8754,uL
Goldenrod,Giulietta,2295,YD
Red,Tilda,2095,wG
Maroon,Bord,5567,RQ
Indigo,Shirleen,5786,WB
Maroon,Guenna,9031,NB
Purple,Read,4517,EC
Maroon,Fransisco,1137,oU
Puce,Rance,6473,ZM
Fuscia,Mike,0504,vI
Puce,Broddy,6370,gW
Goldenrod,Opalina,1803,nN
Goldenrod,Helena,0171,XC
Crimson,Judd,7769,yU
Turquoise,Arliene,8292,HJ
Pink,Garry,5674,RQ
Yellow,Clarence,0759,EU
Purple,Lorie,2480,WC
Khaki,Maximilian,5874,xA
Green,Caryn,4540,RE
Puce,Barnebas,3468,iV
Violet,Salvador,8455,xS
Crimson,Jameson,3886,MR
Maroon,Clywd,1105,aS
Green,Mathias,4059,LD
Teal,Jermayne,7474,xK
Yellow,Erek,9859,AJ
Puce,Natividad,7101,vE
Goldenrod,Garv,9067,cT
Yellow,Robers,4571,NJ
Violet,Andrey,6696,vL
Crimson,Gunar,1085,JI
Red,Rollie,0098,rK
Green,Gavin,5174,AW
Maroon,Nelle,8146,MR
Teal,Rodge,1198,FV
Aquamarine,Brynne,4765,lN
Purple,Friederike,5500,lG
Goldenrod,Christoph,4556,jD
Goldenrod,Viv,1397,XJ
Crimson,Barby,6872,iK
Violet,Hulda,7468,DW
Red,Bobbette,8722,dB
Blue,Idaline,3055,lI
Teal,Trisha,3466,HJ
Crimson,Pedro,0995,OO
Fuscia,Fidelity,2981,vE
Orange,Yoshi,0985,EM
Mauv,Kylen,8346,RB
Goldenrod,Ara,1184,YQ
Purple,Gennifer,8246,MF
Turquoise,Emmalyn,2958,QT
Aquamarine,Antonietta,6599,uN
Turquoise,Penny,8410,hW
Goldenrod,Fidole,0011,aW
Goldenrod,Woodrow,9846,LM
Goldenrod,Herold,4283,kP
Orange,Brandy,1293,JX
Turquoise,Nancie,4927,SD
Goldenrod,Xever,0314,aT
Aquamarine,Marv,4230,kB
Maroon,Reggi,5300,UK
Blue,Moritz,9424,ME
Goldenrod,Conan,3021,IS
Orange,Fredric,6947,wA
Violet,Doria,1421,iK
Puce,Price,9757,yY
Red,Agretha,1609,DZ
Blue,Kary,6432,UQ
Pink,Jillian,8696,LJ
Pink,Candie,0079,QL
Turquoise,Adelaida,6582,KZ
Violet,Graeme,4390,KM
Goldenrod,Constantino,6335,GJ
Red,Rooney,6721,uJ
Aquamarine,Ira,5403,aX
Green,Dolorita,1525,hD
Fuscia,Elita,1805,zQ
Violet,Shay,4308,LT
Yellow,Reg,4586,tZ
Maroon,Nanette,8575,kE
Blue,Felic,2081,uZ
Teal,Pippo,8753,TG
Teal,Farand,7851,hT
Orange,Dedra,4732,pN
Maroon,Opalina,6049,MW
Orange,Desmond,1304,pG
Maroon,Eartha,0099,QL
Blue,Lodovico,0730,sG
Indigo,Nannette,7072,zN
Violet,Purcell,4259,VE
Red,Emelen,4692,jB
Red,Dacy,5704,xO
Indigo,Fielding,6087,sA
Turquoise,Jeremie,8385,kW
Indigo,Grove,3225,lA
Violet,Locke,1340,HC
Mauv,Pooh,0303,fZ
Blue,Bat,0304,tO
Mauv,Gilberto,9305,IS
Orange,Martina,0418,fX
Khaki,Prisca,6458,pC
Indigo,Verne,9328,DV
Fuscia,Bree,7700,sX
Turquoise,Bastien,4224,GU
Goldenrod,Rusty,8641,TM
Goldenrod,Timothea,3949,YB
Indigo,Tobit,4768,JG
Green,Zena,4732,WF
Aquamarine,Oona,0312,PC
Blue,Aleda,1367,JD
Pink,Glori,0112,ML
Indigo,Mick,1506,MU
Aquamarine,Franky,7557,uB
Green,Katine,7134,sW
Fuscia,Rosalynd,0695,DO
Maroon,Georgeanne,0563,UP
Goldenrod,Carmine,8758,eP
Goldenrod,Elisha,1305,bQ
Red,Andree,0376,AT
Indigo,Marc,5898,lU
Khaki,Abbie,5205,DU
Teal,Minnie,0594,jU
Goldenrod,Arvy,9404,pZ
Crimson,Amitie,2783,mF
Khaki,Chandra,9435,zB
Aquamarine,Ludwig,0656,pG
Puce,Torrie,4899,NF
Purple,Margie,2012,NN
Purple,Farand,3759,ZV
Mauv,Mira,3142,cX
Aquamarine,Demetris,2376,JC
Yellow,Lucas,2646,ZV
Indigo,Almeria,7029,jW
Aquamarine,Marlane,6019,nL
Violet,Artie,8321,DD
Blue,Holli,1543,IC
Aquamarine,Marlo,7700,XE
Teal,Kellia,0450,hL
Violet,Dorrie,7424,BV
Crimson,Stafani,2182,DW
Khaki,Brnaby,7066,ZE
Blue,Lucinda,7179,tD
Yellow,Darren,5460,jN
Indigo,Beatrisa,4204,sF
Red,Shelden,4307,ZO
Teal,Darius,0959,dJ
Violet,Goldina,1891,qX
Violet,Wash,0344,kV
Yellow,Chic,8356,xZ
Yellow,Elli,9763,TH
Red,Vevay,2909,qW
Orange,Vincenty,5716,zX
Khaki,Cobb,6815,uG
Fuscia,Joete,7824,IS
Indigo,Maryl,3375,bW
Teal,Earl,3501,BE
Indigo,Etta,3587,FY
Green,Loella,9055,AZ
Indigo,Tristan,0601,ZH
Crimson,Doria,3892,EP
Orange,Fidelia,1204,OF
Teal,Friedrich,9347,WD
Purple,Ingunna,8555,IS
Crimson,Johna,5860,IA
Pink,Kenn,4194,DW
Aquamarine,Donetta,0269,xD
Blue,Claude,7557,AM
Aquamarine,Estrella,0369,DZ
Indigo,Kimberlyn,9927,SI
Purple,Townsend,4100,NF
Crimson,Merrili,7521,lY
Violet,Sharl,8655,PK
Blue,Boris,9884,bF
Goldenrod,Veronike,8087,kG
Yellow,Simonette,6099,UM
Fuscia,Georgeta,4551,TM
Turquoise,Caldwell,3798,bR
Crimson,Arther,4671,KQ
Orange,Lauritz,4179,XI
Aquamarine,Norry,9348,bJ
Mauv,Loraine,5460,wY
Aquamarine,Ricky,7529,IM
Blue,Magdalen,3113,sO
Mauv,Horatio,1023,JV
Puce,Enrichetta,7756,HG
Blue,Tonnie,3129,ER
Teal,Wadsworth,4432,wH
Turquoise,Gabe,5027,hP
Khaki,Constancia,0390,oR
Crimson,Cindelyn,9338,LR
Green,Hort,8375,yT
Green,Leesa,9224,IB
Orange,Charlie,5522,wG
Fuscia,Horatia,2339,pP
Teal,Braden,4646,DV
Purple,Thornton,3633,dO
Purple,Aridatha,0992,GI
Puce,Edythe,0991,oK
Turquoise,Lorita,8309,vJ
Turquoise,Karita,0721,iG
Purple,Gregoire,9257,ZD
Aquamarine,Darcy,2696,VD
Green,Gerick,1369,LR
Puce,Deva,5410,DI
Pink,Dimitry,6313,VP
Yellow,Ingrid,8902,hC
Violet,Jessica,9187,FU
Indigo,Sheilah,4159,sA
Goldenrod,Kat,1529,CR
Maroon,Ave,9599,sE
Violet,Kerri,0989,qV
Mauv,Kirbee,5780,tS
Violet,Shanon,4537,ZJ
Mauv,Mady,1790,TK
Orange,Evangelina,4580,fI
Aquamarine,Zorine,7047,ID
Maroon,Nataniel,9733,MZ
Violet,Alexandro,6251,UC
Aquamarine,De,9076,eN
Goldenrod,Dalt,4827,QT
Crimson,Reggie,5678,pX
Goldenrod,Lorinda,8471,IH
Teal,Andreas,6892,DI
Aquamarine,Sherm,6565,SA
Red,Tris,6639,YW
Green,Lilyan,8233,gR
Teal,Bea,8399,BW
Goldenrod,Richie,9483,AV
Maroon,Bendicty,1325,NT
Blue,Kimbra,0616,JU
Green,Gabi,1732,jF
Green,Katie,7125,PG
Maroon,Eleni,8982,SI
Violet,Sallyanne,0619,DA
Purple,Goldy,6369,eL
Indigo,Caesar,0757,GX
Green,Dimitri,8810,kO
Blue,Elka,3536,RD
Maroon,Benedicta,1958,UQ
Purple,Emmit,8165,VX
Crimson,Candra,5138,BR
Indigo,Inger,2948,wL
Yellow,Tabbie,8171,sD
Aquamarine,Emiline,2006,mS
Turquoise,Noak,2240,WR
Fuscia,Karie,3043,eT
Violet,Vikki,7481,FL
Mauv,Norris,8732,QG
Khaki,Bogey,3326,zL
Khaki,Henri,9961,YB
Aquamarine,Mirella,7189,aA
Green,Atlanta,7657,eI
Mauv,Gussy,2533,GG
Crimson,Delaney,6838,DR
Turquoise,Whitney,4590,fZ
Goldenrod,Oliviero,6608,EA
Teal,Lydon,1355,hV
Turquoise,Russell,7980,JY
Khaki,Ulric,5132,aF
Mauv,Sandor,0826,SP
Khaki,Ardenia,7920,xN
Mauv,Fidel,3879,jF
Purple,Gradeigh,2463,bH
Khaki,Matt,4282,hY
Turquoise,Ned,8800,KU
Mauv,Yance,2995,BH
Maroon,Randell,8400,GP
Crimson,Emmie,0793,aO
Yellow,Roseann,1870,YI
Crimson,Conant,0710,WK
Pink,Bo,4398,eS
Blue,Jenilee,9246,rL
Indigo,Gilly,9653,LH
Khaki,Heath,6139,GJ
Yellow,Bendix,5184,aP
Purple,Alys,9654,TX
Puce,Keslie,8320,FC
Turquoise,Vernice,2545,PR
Indigo,Lucretia,7037,nT
Turquoise,Phil,0703,kD
Teal,Floris,3511,lJ
Purple,Darice,3694,UX
Yellow,Darin,5231,tK
Goldenrod,Blaine,3316,LQ
Turquoise,Kerstin,7642,rC
Indigo,Germana,6853,aZ
Teal,Lena,7184,aF
Indigo,Sher,5014,hH
Green,Marney,5985,RX
Pink,Hernando,6211,RE
Turquoise,Vonnie,5305,MV
Maroon,Clementius,0989,pB
Turquoise,Lucien,5204,PP
Maroon,Wilhelm,5360,jK
Puce,Harley,0893,AY
Turquoise,Sybil,2906,PY
Mauv,Kore,5727,QH
Green,Ximenez,3905,ZS
Purple,Fields,1953,CM
Orange,Torey,4136,wT
Pink,Kelly,7163,oD
Purple,Gerhard,1488,fG
Purple,Rad,1186,cG
Khaki,Shoshana,8564,lV
Indigo,Simon,6760,zP
Maroon,Othilia,9805,uJ
Fuscia,Farrah,6641,PL
Teal,Thoma,8696,aD
Pink,Whittaker,2558,NQ
Orange,Midge,0529,FA
Violet,Carlynne,4345,FK
Indigo,Stepha,0824,DC
Crimson,Wenona,7357,VW
Blue,Dee dee,8901,NA
Mauv,Alyss,6763,QI
Goldenrod,Kimmi,0570,pN
Aquamarine,Margot,9183,FW
Yellow,Aharon,2219,rA
Violet,Wallis,4633,UX
Red,Nanni,2809,zA
Maroon,Dawna,6603,VM
Khaki,Iosep,3897,ZO
Fuscia,Kenyon,2089,xP
Green,Ambros,1474,eP
Khaki,Flo,5129,XM
Khaki,Quintilla,9220,WU
Turquoise,Valry,2417,gI
Maroon,Cosimo,3438,TD
Aquamarine,Blayne,1305,RA
Yellow,Rustin,0237,xU
Violet,Robby,0201,AZ
Maroon,Pen,4262,nR
Yellow,Cristin,9186,wL
Aquamarine,Trumann,2617,dO
Mauv,Kristine,5318,uM
Turquoise,Milton,2264,DD
Khaki,Emelita,2958,AC
Blue,Harrison,0416,nN
Maroon,Stephen,1074,WS
Goldenrod,Giselle,0342,YH
Purple,Prent,3107,RJ
Puce,Britte,5129,pF
Yellow,Alard,1532,nK
Aquamarine,Jamie,4797,MY
Fuscia,Concettina,0358,QH
Pink,Whitman,1010,VE
Teal,Kaela,2364,QI
Fuscia,Mab,0530,SM
Khaki,Ibbie,9739,qT
Khaki,Jacenta,9308,RM
Pink,Alberik,5305,zA
Khaki,Pansy,4032,SB
Indigo,Jory,3549,CH
Yellow,Clemmie,9780,OY
Teal,Sallee,0107,kX
Violet,Bartlet,8214,jU
Teal,Josefa,5984,tE
Puce,Ira,9204,CW
Red,Atalanta,9764,rI
Mauv,Randie,4427,AJ
Mauv,Jaime,8072,aQ
Khaki,Bondie,3879,CN
Puce,Evy,4683,GN
Turquoise,Nita,2922,NH
Khaki,Raymond,0885,yX
Aquamarine,Amity,9061,AH
Turquoise,Trever,6857,dS
Orange,Patience,1520,BL
Purple,Darcy,6992,bG
Teal,Ibrahim,7557,IA
Violet,Edd,5087,mW
Fuscia,Warde,3828,ZN
Maroon,Dyann,8998,KN
Maroon,Bibbye,4287,AU
Maroon,Marita,7117,tA
Crimson,Denney,8181,pJ
Orange,Edouard,4203,cP
Blue,Melisandra,8925,xU
Mauv,Robinette,3976,lT
Green,Xylina,9804,fA
Blue,Jonell,7272,hF
Blue,Adina,2589,CD
Goldenrod,Sheilah,5784,aF
Yellow,Gregoire,9683,mT
Orange,Chelsae,4810,HY
Orange,Fitzgerald,6948,xY
Khaki,Dulci,2162,xX
Red,Marika,2253,VS
Green,Marrissa,3912,kY
Khaki,Toby,1133,OR
Teal,Laryssa,7019,lK
Maroon,Marjorie,6299,eV
Green,Tasia,0419,FL
Khaki,Kiersten,2443,TL
Goldenrod,Thomasine,7299,pF
Indigo,Iver,5857,jU
Puce,Shantee,6687,QL
Aquamarine,Marshall,9743,jT
Purple,Benedetta,4645,zG
Maroon,Henryetta,2248,FQ
Orange,Suki,1085,sJ
Teal,Almeria,0100,DI
Teal,Johan,8758,uG
Pink,Lamar,0171,yO
Fuscia,Glenda,1991,RQ
Pink,Raynell,2349,IK
Purple,Pietrek,1256,kL
Orange,Brant,1165,iR
Turquoise,Mattheus,5303,HN
Teal,Arlee,3868,sR
Mauv,Clo,9026,nU
Blue,Maisie,1602,eE
Red,Morry,7161,gY
Mauv,Gusella,1413,CX
Maroon,Flynn,0487,iJ
Khaki,Haskel,0513,KP
Crimson,Laurella,0400,BD
Violet,Addie,1094,nG
Maroon,Franni,1363,YG
Crimson,Lelah,6251,nP
Yellow,Cass,7677,GD
Khaki,Beale,7884,wL
Maroon,Lindi,9729,HH
Khaki,Tobin,2074,iI
Blue,Hagan,3076,sX
Mauv,Lyndsie,2777,wN
Khaki,Esra,6733,wO
Khaki,Quintus,6388,hW
Pink,Almira,0701,yN
Purple,Estevan,5047,bG
Blue,Morse,4983,XH
Goldenrod,Maxy,7288,hO
Green,Delaney,4458,bJ
Green,Debee,1182,oI
Pink,Clevie,3698,BC
Violet,Rafaellle,3966,iV
Aquamarine,Miguelita,0068,PF
Aquamarine,Johnnie,5709,mV
Pink,Valaree,6211,oX
Yellow,Carver,7170,wC
Orange,Mallory,2508,LQ
Blue,Monah,8391,eK
Yellow,Leslie,6504,WS
Green,Nobie,0521,yX
Green,Tally,2393,vD
Blue,Arel,5230,BK
Crimson,Reidar,1522,CI
Goldenrod,Emlynne,7379,PM
Turquoise,Leisha,6178,NL
Violet,Lorne,0378,LY
Mauv,Manny,3867,pN
Pink,Austin,9860,NH
Maroon,Oralle,2809,pH
Indigo,Winni,6657,mR
Pink,Tito,6874,LL
Fuscia,Gabriel,8907,fR
Red,Shaylyn,0487,oJ
Teal,Suzy,7938,vT
Blue,Morissa,9628,PL
Indigo,Fowler,9286,bA
Violet,Evan,1278,tQ
Khaki,Konrad,8507,pU
Khaki,Ephrayim,3912,GX
Orange,Doloritas,8122,wP
Blue,Buffy,3379,wU
Indigo,Spencer,9063,kF
Goldenrod,Ahmed,9723,KE
Red,Stesha,4213,QA
Yellow,Glori,4496,JY
Purple,Reggie,0450,NL
Indigo,Joellyn,7235,RX
Goldenrod,Rudolph,9285,SO
Teal,Dewain,2935,sD
Blue,Patric,3803,MC
Aquamarine,Eddy,9524,hA
Puce,Maighdiln,9286,QM
Mauv,Kenn,7873,HH
Fuscia,Bernadina,2891,EY
Puce,Retha,5733,cJ
Puce,Page,4598,EP
Mauv,Drucill,0271,dT
Pink,Frannie,2567,pE
Orange,Hyacinth,4131,HZ
Orange,Alasteir,5840,fJ
Fuscia,Hoebart,0836,ZF
Teal,Devy,7288,NZ
Mauv,Earlie,8829,pB
Puce,Alan,4872,PT
Maroon,Kellsie,0417,eM
Teal,Buddy,9211,JP
Red,Marietta,0781,QK
Turquoise,Tannie,6938,yO
Yellow,Rouvin,3561,qI
Green,Adella,3926,fX
Red,Ware,2073,UG
Khaki,Siana,2465,EB
Puce,Karol,8891,UM
Fuscia,Roslyn,0116,BM
Pink,Hilarius,3752,fU
Violet,Anthiathia,3217,MW
Fuscia,Filia,7629,aV
Red,Kalli,7743,qV
Orange,Cilka,7949,ED
Green,Hebert,6256,rA
Puce,Inessa,8140,OW
Purple,Marysa,5448,UE
Teal,Nolie,9801,AZ
Indigo,Stacee,3760,NB
Purple,Maggi,0356,BA
Indigo,Ernst,5323,WP
Red,Stanly,4395,mK
Fuscia,Dorena,4604,eQ
Puce,Clareta,9864,VG
Crimson,Imogen,9177,nN
Khaki,Harlin,1473,WO
Violet,Joyous,9770,tY
Crimson,Meta,6040,UP
Indigo,Dorisa,0904,zP
Fuscia,Ursa,9731,aE
Mauv,Emogene,5016,mL
Teal,Barbara-anne,4742,uS
Turquoise,Abigael,6078,LC
Aquamarine,Rickey,8840,JZ
Pink,Norrie,7071,nT
Aquamarine,Robbin,6628,JX
Violet,Elvis,9914,vC
Pink,Tripp,5369,oD
Purple,Marni,7939,oW
Red,Piper,8939,ZD
Blue,Leoline,6834,DU
Aquamarine,Frank,3530,dZ
Goldenrod,Normie,8441,nG
Teal,Golda,9587,TE
Mauv,Myrtice,6540,LV
Blue,Ermentrude,6969,gT
Violet,Deny,8826,qU
Turquoise,Charmian,8758,oX
Goldenrod,Amabel,6249,IX
Turquoise,Mirilla,9973,FU
Aquamarine,Genvieve,3715,WG
Teal,Ayn,1929,RS
Purple,Shirlee,4694,qB
Aquamarine,Pancho,8468,NM
Maroon,Tedda,5106,yO
Teal,Tailor,4924,BB
Orange,Timmy,9421,PY
Yellow,Marlene,1132,HL
Maroon,Humphrey,3997,CC
Orange,Becky,3050,zK
Puce,Ferdinanda,3860,oO
Red,Harmonia,9120,BG
Khaki,Benjie,9403,PK
Blue,Viv,6610,ED
Red,Rem,7526,pQ
Indigo,Pasquale,0018,SH
Teal,Brietta,4977,AD
Green,Doris,6038,uZ
Green,Fran,0060,iD
Puce,Yves,2744,SC
Red,Henry,9997,QN
Maroon,Maurizio,3759,xM
Violet,Kerri,2934,AK
Turquoise,Demetria,1983,tG
Yellow,Donia,9059,WA
Aquamarine,Malva,2601,RT
Yellow,Vern,4828,WC
Blue,Thorndike,7354,TS
Green,Judah,3610,wU
Fuscia,Jecho,7257,lT
Maroon,Lenna,0648,kN
Yellow,Cissiee,8137,EI
Fuscia,Adrianne,2897,tC
Crimson,Gnni,1907,VC
Orange,Alfy,5288,sX
Goldenrod,Val,0228,uO
Yellow,Bernard,7121,OJ
Violet,Kathrine,2605,rG
Violet,Dinnie,0321,NL
Red,Normand,5297,TC
Blue,Milzie,4088,gR
Green,Llywellyn,2847,dX
Fuscia,Skipton,9323,VV
Goldenrod,Meyer,9678,jL
Khaki,Early,3786,aM
Teal,Ugo,4436,MX
Green,Papageno,2993,zB
Green,Spenser,8991,UH
Yellow,Evan,3723,zA
Blue,Keene,8874,HY
Blue,Jimmie,1821,gS
Khaki,Silvan,9888,wY
Red,Brenda,7999,yS
Violet,Salome,5402,EY
Red,Perice,0288,xO
Crimson,Tonya,4539,SX
Maroon,Maressa,9465,MZ
Puce,Beck,9991,nH
Teal,Roberta,4719,PR
Purple,Celina,5385,zN
Teal,Josefina,9655,CU
Violet,Conrade,9819,uS
Orange,Rozelle,6491,UR
Mauv,Emelen,3346,dD
Maroon,Henderson,0536,UY
Mauv,Teena,4479,XZ
Purple,Rickert,4713,AQ
Indigo,Kassi,5124,sY
Turquoise,Hilly,6508,bG
Green,Dulsea,0246,SZ
Orange,Fanya,9398,nF
Maroon,Christabella,6662,EX
Maroon,Julee,5262,jX
Green,Anneliese,3496,GP
Khaki,Dinah,7862,zX
Crimson,Gerri,9146,NO
Red,Mehetabel,8151,GU
Blue,Artemus,2897,LT
Maroon,Sterne,0606,dO
Pink,Dalli,5669,zX
Goldenrod,Marchall,0428,tW
Puce,Friedrick,3492,LY
Purple,Eada,4789,WD
Orange,Karen,0642,wR
Yellow,Yvor,0522,VU
Violet,Bobina,7921,vV
Pink,Berkly,2226,mI
Goldenrod,Dionis,3036,pS
Blue,Etta,8066,EQ
Pink,Valentine,1155,WG
Khaki,Evie,1880,pT
Red,Irv,5370,SA
Teal,Katha,9678,rO
Yellow,Tamma,2251,BP
Orange,Bekki,8247,PS
Yellow,Kerry,6309,RK
Pink,Edvard,0643,rN
Khaki,Alika,0340,DT
Purple,Josselyn,2721,OI
Aquamarine,Samuel,5645,QZ
Violet,Aurora,6255,zF
Fuscia,Kiley,6073,fK
Goldenrod,Betta,0360,zW
Violet,Catrina,0029,TR
Yellow,Kaia,0083,xM
Red,Lamar,3889,VB
Green,Chris,7577,VN
Crimson,Delmar,5780,GZ
Maroon,Durand,6917,fU
Orange,Christean,4159,eF
Pink,Jacquenetta,3508,ZG
Fuscia,Pernell,8945,nN
Indigo,Darby,4578,ED
Khaki,Bobbie,8237,kA
Teal,Seward,4453,JI
Aquamarine,Melitta,5857,uD
Turquoise,Millicent,6012,aX
Teal,Lebbie,6164,BG
Yellow,Agace,3946,nO
Khaki,Natal,4349,sZ
Teal,Aguistin,4165,bV
Pink,Danell,3380,aP
Red,Neall,9707,bA
Crimson,Jessalin,9224,sQ
Aquamarine,Roseline,1668,aK
Puce,Cleavland,4703,uD
Puce,Obadias,0397,sS
Fuscia,Sally,0555,YO
Crimson,Hedvige,7711,dQ
Green,Aili,9268,wM
Indigo,Wren,5911,xH
Puce,Manfred,1173,MN
Maroon,Loydie,4952,kG
Goldenrod,Stevana,9815,yE
Blue,Onofredo,8572,cH
Puce,Joe,9428,HS
Yellow,Kelly,8737,BA
Red,Thalia,7278,kT
Puce,Beauregard,8250,NF
Mauv,Reidar,5224,oK
Turquoise,Desirae,9992,pT
Puce,Dexter,9519,oW
Red,Bibbie,2000,kA
Blue,Aeriela,0931,CY
Red,Barron,3646,vJ
Blue,Ros,3279,nX
Teal,Francis,2136,dS
Khaki,Modesty,6161,KE
Yellow,Zerk,8737,SU
Blue,Leonerd,5563,ZD
Red,Alanah,9819,KA
Indigo,Hakim,2494,CO
Goldenrod,Happy,4625,uG
Turquoise,Nels,0752,UB
Khaki,Peggy,2136,kU
Fuscia,Virgina,9723,WH
Blue,Virgie,3274,QG
Maroon,Winny,3272,MR
Puce,Dicky,6064,oS
Puce,Leda,0914,NX
Green,Juliane,7156,hI
Yellow,Danna,2781,RS
Puce,Reginald,5769,eQ
Yellow,Alejandra,9688,AD
Pink,Onfre,1432,bO
Mauv,Rollin,0489,YO
Blue,Korrie,7481,jN
Fuscia,Gabi,8308,yY
Green,Jamison,8606,qH
Fuscia,Jodi,2330,WO
Mauv,Margarita,9795,LP
Maroon,Celestia,3312,gN
Violet,Bendix,1594,aG
Mauv,Alix,2398,jC
Violet,Maxy,1072,VT
Pink,Saudra,8334,PW
Pink,Regine,8215,YJ
Purple,Tove,4174,vY
Khaki,Nikki,5872,UM
Violet,Sella,7637,eS
Fuscia,Nicko,9298,bT
Teal,Griffith,4764,GS
Indigo,Giorgio,5211,RG
Green,Charles,0971,QB
Fuscia,Giffie,1469,HA
Green,Margo,9939,OI
Khaki,Marylee,5989,zN
Khaki,Talbot,1836,LM
Purple,Nanni,6427,cX
Orange,Emlyn,6746,aQ
Crimson,Rocky,8174,gS
Aquamarine,Kathye,8090,SO
Goldenrod,Poul,9362,fP
Pink,Killian,0501,NF
Yellow,Deirdre,8929,AT
Red,Pooh,4979,AQ
Blue,Carry,1317,UW
Violet,Stanwood,3065,XJ
Violet,Eba,8820,zY
Aquamarine,Zulema,9678,JO
Teal,Brien,5035,ZX
Blue,Isidor,8992,uF
Fuscia,Ginnifer,0618,CL
Violet,Adella,4223,MD
Purple,Rolfe,0788,GI
Orange,Verine,3757,VH
Green,Vanya,8479,FD
Orange,Terza,8004,MA
Orange,Frederick,7672,EA
Crimson,Fidole,9019,yV
Violet,Rik,7948,UT
Teal,Allen,4610,jY
Blue,Fonz,2765,XU
Purple,Waldon,9989,eL
Crimson,Rea,4013,tG
Violet,Roth,8886,HW
Puce,Tandie,1440,aX
Fuscia,Corabelle,5258,sK
Pink,Millicent,3846,dR
Green,Mortie,8299,IG
Violet,Anastasie,4220,EA
Teal,Fabiano,5769,EO
Indigo,Den,9522,bQ
Violet,Garnet,3284,GE
Maroon,Elfrieda,9663,KT
Mauv,Charlene,3195,SD
Green,Ana,7495,JL
Purple,Ardene,9581,GZ
Goldenrod,Igor,5995,wT
Aquamarine,Keelby,0121,CQ
Indigo,Morena,6437,QS
Teal,Lesya,3260,yP
Khaki,Shadow,8367,BO
Purple,Roxanne,8443,EO
Aquamarine,Cody,4980,XQ
Pink,Giordano,0289,lA
Puce,Gerianna,1561,VF
Indigo,Hildegarde,3045,xA
Teal,Ailee,3002,qW
Teal,Thorny,6456,dH
Goldenrod,Thekla,0320,FF
Teal,Eli,4768,WZ
Maroon,Misti,8030,nR
Indigo,Kore,9860,AY
Red,Vinny,7809,fR
Puce,Kenna,8386,mH
Khaki,Bordy,1094,WU
Goldenrod,Barbra,2758,eD
Pink,Jess,1365,dW
Indigo,Jacquelin,9815,lH
Indigo,Arda,3824,SZ
Khaki,Isobel,0339,jZ
Indigo,Nani,5417,HQ
Maroon,Billie,0945,BI
Mauv,Almeria,2096,xF
Orange,Jehanna,5638,vL
Teal,Rorke,3736,bG
Khaki,Florri,4416,vH
Green,Chadwick,8866,UV
Teal,Moritz,7169,NO
Crimson,Maddy,9656,AV
Purple,Vick,7395,UN
Maroon,Gianni,9172,WS
Turquoise,Shea,6270,LP
Violet,Hardy,9073,dQ
Teal,Valdemar,0076,PK
Red,Milly,9087,yU
Pink,Bobby,5502,qR
Mauv,Randi,9533,FM
Indigo,Sheff,8995,TD
Crimson,Trish,3187,lK
Maroon,Caril,5749,tR
Crimson,Justine,1517,jR
Indigo,Bryant,9804,iI
Goldenrod,Davide,8296,oY
Violet,Emelita,5637,mK
Aquamarine,Othello,1000,GH
Green,Linn,1440,KI
Turquoise,Dierdre,8828,jZ
Orange,Gerri,1066,iM
Indigo,Amabel,5738,jO
Purple,Hedda,7684,tA
Fuscia,Justinian,5318,iJ
Crimson,Lowe,8326,kI
Turquoise,Corinne,7092,bE
Orange,Elset,2165,TQ
Fuscia,Bonnibelle,4111,GR
Indigo,Frazer,6118,BQ
Turquoise,Jonis,2522,oF
Mauv,Harv,9117,MZ
Puce,Liz,2044,SP
Green,Dena,5802,cM
Puce,Lorri,2327,ED
Puce,Michel,6672,TW
Puce,Cheston,3078,BE
Red,Hube,1022,IB
Mauv,Nicole,6640,RQ
Violet,Corbett,7366,eG
Mauv,Karrah,2130,SD
Maroon,Lisette,9925,GF
Turquoise,Malchy,6212,SA
Khaki,Danell,7113,SP
Khaki,Pascale,1841,EX
Orange,Jasen,6331,hD
Purple,Jessamyn,0102,JR
Mauv,Sarene,8623,pZ
Pink,Elihu,4247,hK
Fuscia,Carmon,2880,JV
Green,Sherye,2871,aM
Goldenrod,Licha,8622,NH
Indigo,Symon,0118,iX
Indigo,Hillie,0917,MA
Orange,Ashien,3147,EY
Fuscia,Myrilla,2496,SB
Mauv,Rockey,6372,wL
Maroon,Hollie,4869,KE
Puce,Haily,6044,vF
Blue,Boigie,1735,uD
Crimson,Brandtr,2972,sF
Red,Granny,9965,uC
Crimson,Genny,8125,bW
Purple,Lizzy,4745,AK
Yellow,Jacquelynn,3992,UR
Purple,Tucker,1946,WA
Indigo,Mose,8216,UB
Maroon,Augustine,5198,bX
Teal,Brietta,7975,lA
Orange,Lizzie,3184,mH
Aquamarine,Bruno,2579,WO
Mauv,Rodge,7144,pW
Violet,Auberon,1653,wQ
Teal,Ceil,2696,eK
Yellow,Martino,5885,LQ
Yellow,Anthe,0384,uW
Aquamarine,Pattin,5335,JY
Mauv,Henri,2033,sN
Red,Sal,0141,kI
Fuscia,Charmine,0011,DZ
Aquamarine,Bertie,3598,eV
Maroon,Aubree,3043,OT
Blue,Olly,8739,jI
Green,Joellyn,9825,oQ
Yellow,Johannah,6170,UV
Pink,Windham,8033,FG
Blue,Ellyn,3519,fW
Blue,Sophie,1523,NC
Violet,Vin,8852,xN
Purple,Lizzie,0135,bN
Teal,Tally,7859,FD
Indigo,Farrah,4373,MK
Khaki,Fayina,4711,hP
Goldenrod,Alis,7062,bB
Crimson,Constanta,4804,dV
Orange,Monah,7116,CB
Aquamarine,Rodrigo,5171,qJ
Yellow,Flori,6912,WJ
Red,Mehetabel,5136,iY
Pink,Karyl,2672,YT
Crimson,Hamish,8578,IY
Puce,Adella,4310,oX
Fuscia,Evy,8704,tR
Mauv,Ninon,3736,FM
Fuscia,Rahel,2699,jD
Maroon,Hamlen,4763,XM
Green,Esta,0382,xH
Yellow,Eddy,2475,dC
Orange,Thomasa,1548,OE
Fuscia,Giacobo,0494,ES
Purple,Eleanora,5160,DX
Puce,Tim,8292,dM
Goldenrod,Coriss,0180,xV
Indigo,Zahara,5053,QI
Violet,Gareth,6892,bW
Blue,Joby,8926,IQ
Maroon,Kara-lynn,2284,wM
Maroon,Daphna,0278,bN
Yellow,Adriena,0712,fE
Fuscia,Ariel,2494,vJ
Blue,Sherilyn,0519,xX
Indigo,Lise,4141,fO
Green,Jesse,8159,PM
Red,Normy,7263,lH
Puce,Barnebas,5754,lW
Teal,Lynnell,0091,tW
Crimson,Ase,5378,XQ
Turquoise,Claudie,3933,sT
Violet,Germaine,8497,wM
Aquamarine,Karissa,2280,cT
Puce,Karole,1931,tF
Violet,Shaine,4298,TM
Blue,Arden,0118,XK
Aquamarine,Yancy,9084,RZ
Purple,Gussie,6560,AX
Orange,Paulina,2443,hF
Red,Lara,5942,GH
Turquoise,Sasha,6338,rD
Turquoise,Geno,8513,XH
Violet,Bridie,1124,cK
Crimson,Joy,0276,hZ
Aquamarine,Giorgia,6729,VC
Turquoise,Jerrilee,6376,lI
Indigo,Jania,4713,gS
Puce,Wiatt,4689,BT
Khaki,Neal,1515,JK
Violet,Ketti,5968,LU
Teal,Emelita,3196,GD
Indigo,Luca,5509,PL
Fuscia,Brendis,3828,JM
Blue,Velvet,7337,jL
Orange,Sibby,7790,kN
Violet,Ilise,3016,eB
Pink,Quincey,8129,BF
Red,Ilise,1398,uR
Aquamarine,Kevon,0456,KK
Crimson,Mureil,5106,WF
Turquoise,Galina,8112,OH
Blue,Sally,1948,PP
Maroon,Archaimbaud,8431,rU
Pink,Chrisse,7883,tF
Puce,Feliza,4200,JE
Puce,Diannne,5329,EH
Goldenrod,Leroi,0339,KO
Indigo,Normie,8868,bZ
Maroon,Lizbeth,1877,lR
Yellow,Page,3045,eW
Maroon,Fidel,6143,MJ
Mauv,Larisa,0648,KP
Goldenrod,Yvonne,6012,HH
Violet,Valdemar,9074,CR
Aquamarine,Damara,9822,NJ
Orange,Rodrigo,6466,cI
Indigo,Ulick,3108,qO
Blue,Merrielle,1681,hW
Purple,Burgess,1589,RN
Goldenrod,Martguerita,3704,KR
Pink,Sisely,4786,gL
Purple,Ketty,7232,mM
Crimson,Berthe,3820,GK
Fuscia,Cherye,5819,pA
Pink,Robby,8727,jR
Goldenrod,Nanette,6211,xH
Turquoise,Danila,4459,KB
Blue,Rickie,5944,BT
Violet,Karney,0879,qZ
Crimson,Perceval,3653,wK
Violet,Felic,5323,xU
Fuscia,Rosalinde,0289,yU
Turquoise,Ardys,0036,sO
Blue,Kristofor,0512,FP
Green,Mirna,6077,nK
Turquoise,Shelley,0105,rP
Red,Velvet,3409,RL
Red,Sheilah,1093,vV
Orange,Marty,9752,kG
Khaki,Rooney,5941,sL
Maroon,Bartlett,4764,TE
Orange,Ingaborg,7938,vV
Indigo,Nani,1055,iL
Maroon,Latrina,1766,HS
Puce,Judith,9038,VA
Crimson,Riva,4210,NE
Maroon,Iris,6863,zW
Mauv,Orsa,0923,cE
Turquoise,Tyne,0813,vG
Yellow,Shea,4785,WD
Violet,Hildagard,4104,LL
Aquamarine,Collen,0468,kO
Khaki,Hortensia,5867,iN
Violet,Siouxie,3852,PO
Yellow,Noellyn,7778,XW
Green,Lorine,5066,mX
Indigo,Horacio,2380,VQ
Indigo,Marigold,5162,OL
Indigo,Delaney,5603,nV
Puce,Lester,7538,KY
Purple,Faulkner,0253,FV
Turquoise,Minnie,3104,aE
Mauv,Dorita,4569,gJ
Turquoise,Sophey,8878,zI
Purple,Shalna,0082,oN
Crimson,Jacqui,3365,GB
Mauv,Abby,8763,qW
Pink,Georgetta,8433,NM
Purple,Lanae,3779,MO
Blue,Borden,9016,cO
Orange,Farrell,1810,vA
Violet,Yankee,8545,KH
Purple,Ronnie,0888,vT
Crimson,Nicoli,2318,jI
Mauv,Traci,9629,lX
Maroon,Nessa,5101,PB
Khaki,Jase,2147,VF
Puce,Emera,5756,GI
Orange,Myranda,2238,xK
Goldenrod,Livia,0897,HG
Fuscia,Alfie,8408,ZA
Khaki,Abraham,0896,DM
Green,Leighton,4359,OL
Turquoise,Merry,4410,jV
Yellow,Kaycee,1375,bW
Puce,Aldric,0560,IG
Purple,Quintina,8924,VP
Crimson,Zondra,4463,NU
Indigo,Ardisj,5311,gD
Pink,Knox,2104,qV
Teal,Jarrad,1770,wQ
Turquoise,Stormy,0042,cP
Blue,Thorny,5504,zJ
Indigo,Alaric,0312,mR
Turquoise,Camile,5864,cZ
Red,Stormy,4595,CN
Turquoise,Lyndsey,8122,VA
Maroon,Tarrance,4001,GW
Yellow,Vinnie,9388,iY
Mauv,Robenia,7378,BW
Puce,Moses,2609,HQ
Crimson,Patty,8896,UX
Pink,Mariam,3459,bF
Mauv,Zoe,7870,nH
Indigo,Curr,1242,TH
Indigo,Artair,3969,SS
Blue,Pincas,7401,sB
Khaki,Valerye,3950,gE
Maroon,Maxy,3898,sZ
Khaki,Linn,3852,wC
Blue,Quintus,9615,SD
Turquoise,Carling,8791,nU
Purple,Ced,5347,JT
Violet,Shari,2331,JN
Purple,Winna,0760,DN
Purple,Ransell,3967,JO
Orange,Hillard,1372,DY
Mauv,Marrissa,9867,zA
Mauv,Coralyn,4240,SO
Crimson,Bernardina,9211,QA
Maroon,Ches,2589,UX
Indigo,Rance,9646,nQ
Aquamarine,Rowland,2501,uW
Goldenrod,Tomasine,9904,sU
Aquamarine,Tracey,4998,HX
Puce,Galvan,7592,WU
Turquoise,Nathan,3033,wJ
Khaki,Pebrook,3004,nK
Orange,Letti,2890,WR
Yellow,Akim,3376,iS
Teal,Alfonso,3992,xR
Green,Vanessa,6124,WI
Crimson,Nikoletta,2296,EY
Aquamarine,Jaynell,6806,zR
Turquoise,Gwenni,3094,vU
Khaki,Julie,7518,zL
Red,Sargent,6351,zP
Yellow,Andra,3769,GF
Turquoise,Gweneth,6035,vD
Aquamarine,Elizabeth,6788,TU
Blue,Clark,1426,kQ
Aquamarine,Marve,7057,IF
Puce,Fidelio,6332,QD
Maroon,Marga,2097,HS
Puce,Demetris,6301,yT
Pink,Marney,3303,xA
Mauv,Letta,7570,nB
Green,Roz,4258,dD
Aquamarine,Codi,5135,dK
Goldenrod,Margi,5423,UA
Maroon,Ebeneser,0222,LU
Puce,Harland,8542,ZG
Aquamarine,Trevar,9053,UK
Orange,Adelind,0947,LG
Purple,Nichole,6768,FP
Goldenrod,Eddie,5645,MJ
Yellow,Dita,0066,yX
Puce,Tova,4804,rD
Mauv,Olive,2837,aI
Yellow,Boycie,8430,SV
Crimson,Adeline,5970,NJ
Crimson,Carlita,0469,PW
Pink,Benni,4776,sW
Orange,Ashley,9413,PZ
Turquoise,Jeannette,6488,HA
Red,Nadia,8780,oV
Khaki,Jeth,0171,HC
Pink,Beverlee,8165,JH
Maroon,Faith,7758,CR
Violet,Wolfy,7300,jP
Orange,Marten,1362,PG
Crimson,Almeria,7364,jD
Green,Kalie,2547,YR
Goldenrod,Ellsworth,0842,QC
Indigo,Granny,7675,DN
Fuscia,Erl,2807,IS
Goldenrod,Hana,2594,oR
Red,Quentin,9048,zB
Orange,Court,9569,vO
Purple,Flss,4542,aG
Yellow,Paul,5949,sR
Crimson,Bethina,2614,QZ
Orange,Nertie,9991,mY
Crimson,Silvia,3993,nU
Maroon,Basil,9142,ZV
Aquamarine,Vikky,5084,uH
Mauv,Opal,1139,nK
Pink,Alanah,2034,fA
Maroon,Car,8683,HM
Puce,Eden,0175,HD
Crimson,Chris,3258,lG
Violet,Gaylor,5046,lK
Khaki,Ellyn,2821,lA
Violet,Kingsly,2524,RU
Maroon,Sarita,2318,mC
Puce,Bernelle,3372,cU
Violet,Melissa,0292,CU
Puce,Kelley,8780,dF
Red,Bree,0471,eA
Indigo,Solly,5502,SX
Green,Lorettalorna,3946,aM
Goldenrod,Dinny,9694,cZ
Blue,Marie-jeanne,6610,MT
Pink,Talya,4410,HH
Indigo,Josh,7752,eR
Puce,Drucy,6768,OD
Blue,Crichton,3164,HM
Yellow,Simmonds,1258,PK
Khaki,Donnell,9014,hC
Fuscia,Teresina,1934,OV
Aquamarine,Thurstan,0268,PW
Yellow,Rudolf,1777,AG
Aquamarine,Domini,8162,nB
Green,Cindra,7498,NR
Khaki,Emmott,1179,aJ
Purple,Ole,4041,CS
Purple,Gipsy,3094,hH
Pink,Leupold,5392,VX
Blue,Ado,6478,dC
Fuscia,Maxie,7716,HT
Indigo,Greggory,2799,DL
Green,Basia,9643,LW
Aquamarine,Leese,5599,YO
Maroon,Jayme,1390,hC
Turquoise,Lorrayne,1313,WT
Turquoise,Noelyn,9296,IN
Purple,Isidro,6778,YY
Teal,Amata,9265,SM
Violet,Marcelo,1702,WE
Turquoise,Syman,9741,WL
Indigo,Gayler,6604,AI
Pink,Carlye,5030,XS
Maroon,Pamella,0532,zI
Pink,Raquel,3974,jD
Puce,Kathleen,4512,SH
Blue,Velvet,6781,gT
Puce,Carlye,6146,HC
Fuscia,Yorker,6345,mP
Fuscia,Quintina,2811,pI
Turquoise,Gretel,5192,nF
Aquamarine,Lilli,6306,ME
Khaki,Milly,7649,yR
Green,Dov,6887,vQ
Teal,Genni,4158,gM
Aquamarine,Elise,1981,IP
Mauv,Sheelah,4255,GO
Turquoise,Eb,3845,JN
Mauv,Gilberta,5373,hC
Goldenrod,Norean,9940,iV
Fuscia,Elfrida,1688,cU
Pink,Granny,1264,fR
Maroon,Kelley,8525,mS
Crimson,Persis,0566,GP
Orange,Arnie,3743,JS
Khaki,Wilek,6303,OB
Purple,Amelia,7477,yG
Puce,Aubert,4281,uM
Violet,Evita,1370,eY
Aquamarine,Jacobo,1452,EP
Pink,Maggy,4299,SE
Crimson,Kalina,9378,TQ
Yellow,Dolorita,0662,FE
Aquamarine,Karen,9295,tH
Maroon,Filippa,3073,kI
Purple,Jeana,0974,pG
Maroon,Zarla,7455,XT
Purple,Vallie,2176,hO
Orange,Rudyard,0593,UY
Mauv,Pru,1045,tK
Purple,Emmott,8018,FD
Teal,Waldemar,8581,GI
Pink,Tony,3837,nJ
Maroon,Tarrah,9299,qK
Blue,Reggis,4182,OF
Fuscia,Gussi,0810,qK
Goldenrod,Bryce,5473,eQ
Mauv,Shellie,9653,tK
Maroon,Bondie,1625,uB
Fuscia,Anatole,4337,KI
Aquamarine,Lindsey,8262,zP
Blue,Aldin,1372,KT
Puce,Emmeline,6049,YD
Crimson,Colleen,7738,oL
Mauv,Ive,9792,wE
Red,Natasha,4034,kR
Violet,Raina,1387,DJ
Red,Christan,1102,qX
Teal,Lexi,5945,BJ
Maroon,Faith,0950,SR
Yellow,Doralin,6290,GW
Yellow,Corrianne,9378,uR
Goldenrod,Coreen,8782,HZ
Aquamarine,Marv,7175,GJ
Purple,Sheba,0115,JN
Mauv,Tedmund,3695,NT
Khaki,Valerye,5983,oS
Goldenrod,Evelyn,3375,kQ
Yellow,Cybil,6075,sM
Teal,Tailor,2468,NZ
Red,Holden,3826,sD
Red,Nessy,2786,EB
Khaki,Carie,1549,rW
Fuscia,Moses,8512,sX
Indigo,Inna,3109,TG
Orange,Victor,5247,NX
Goldenrod,Emeline,0557,KH
Purple,Harriet,8872,DK
Khaki,Doroteya,7472,oJ
Pink,Pip,2734,OX
Khaki,Breena,2580,EJ
Mauv,Rosanne,4807,pI
Green,Louis,0943,uF
Pink,Yance,4330,TX
Red,Charmane,4692,pT
Blue,Donalt,5158,HJ
Blue,Karleen,1187,kR
Yellow,Letty,8471,oX
Violet,Riordan,9631,NT
Fuscia,Jacquelin,0036,eW
Green,Christoffer,5788,JR
Blue,Tammie,7954,wA
Green,Haywood,8507,LS
Purple,Frants,0225,NY
Mauv,Karlen,1872,MK
Violet,Nessy,3690,KB
Fuscia,Nikos,1138,RP
Turquoise,Selestina,1815,YT
Maroon,Carlina,0941,eO
Goldenrod,Mollie,8641,KE
Violet,Leicester,4860,qQ
Mauv,Thelma,1138,GG
Crimson,Dita,8266,fQ
Maroon,Roy,7687,SL
Orange,Brok,4920,PU
Yellow,Bennie,6614,KK
Purple,Winonah,7298,NU
Violet,Kacey,7596,kL
Red,Rafaelia,4734,BI
Aquamarine,Immanuel,1880,ZC
Red,Lotta,0252,RA
Goldenrod,Emelda,8433,fL
Khaki,Roldan,0976,vI
Purple,Moria,5147,gV
Goldenrod,Glyn,8671,aN
Green,Ado,9070,PE
Maroon,Darnall,7996,GX
Pink,Carilyn,2052,wK
Maroon,Abran,4102,uR
Blue,Thornton,1789,YZ
Fuscia,Zonda,5722,iD
Khaki,Camala,7104,eQ
Crimson,Chantal,0555,iB
Goldenrod,Hank,2277,JC
Aquamarine,Miquela,0162,LF
Goldenrod,Jack,6951,XW
Turquoise,Wrennie,6458,ZY
Violet,Almeria,5940,EJ
Maroon,Marcela,4606,DR
Turquoise,Odetta,1338,AH
Red,Erl,9782,IR
Blue,Adan,9512,cR
Puce,Marji,2654,fS
Blue,Hilde,0161,IE
Purple,Gifford,6818,EZ
Pink,Reinaldos,9906,uA
Purple,Birch,5659,VJ
Aquamarine,Goldy,9751,zG
Purple,Vina,9683,sC
Turquoise,Daren,3140,ZN
Turquoise,Orella,6030,JN
Goldenrod,Frederick,3714,hK
Indigo,Crista,0904,rK
Orange,Sheeree,7130,pA
Red,Ernesta,1730,uK
Fuscia,Camille,9524,CO
Khaki,Napoleon,0865,lR
Turquoise,Corabella,9595,cM
Purple,Queenie,6667,TY
Blue,Ronny,9084,UM
Khaki,Johanna,2687,MJ
Aquamarine,Lilian,2999,sS
Pink,Colin,2590,CR
Teal,Dorolice,0270,rV
Violet,Sindee,1604,DT
Crimson,Uriah,8776,PD
Green,Giorgia,9451,BT
Orange,Donia,0777,RN
Maroon,Lyn,3312,mB
Crimson,Harley,3374,gF
Goldenrod,Craggy,4424,vG
Blue,Steffie,9060,KK
Red,Nelli,3444,MY
Violet,Barrie,3140,AE
Pink,Rudyard,0723,mQ
Purple,Mela,0216,XO
Khaki,Bradney,5089,iI
Crimson,Noak,0412,xQ
Orange,Anita,3305,rV
Turquoise,Harwell,5455,cZ
Fuscia,Jennine,6559,WM
Khaki,Paton,2400,FP
Maroon,Harlie,4325,BX
Khaki,Purcell,6809,QV
Maroon,Erminie,4428,TF
Turquoise,Adelaida,5120,dJ
Red,Kenyon,3072,IX
Red,Yoshiko,4600,TJ
Turquoise,Deena,9264,sL
Maroon,Ellen,5433,DK
Puce,Randene,6673,OC
Indigo,Ina,9418,aJ
Teal,Tye,6824,rB
Blue,Holli,2413,dQ
Yellow,Ansel,1406,AD
Indigo,Bettina,8504,QN
Crimson,Munroe,2284,cX
Goldenrod,Loree,6221,FY
Puce,Mozelle,3710,pT
Yellow,Orran,1188,QQ
Indigo,Shellysheldon,2200,OY
Puce,Aliza,8270,ZW
Fuscia,Hannis,5238,MH
Puce,Lionel,9409,PU
Aquamarine,Merwyn,1773,LT
Khaki,Jordana,8437,AG
Blue,Milicent,1603,mJ
Pink,Miguela,5524,IJ
Puce,Taylor,2129,QY
Blue,Darius,9012,cF
Violet,Hobart,4143,wT
Blue,Golda,1821,cP
Fuscia,Kassie,1459,GH
Purple,Eadmund,7559,aB
Orange,Starlene,0137,xH
Red,Rice,6932,GZ
Khaki,Carlie,1440,VX
Crimson,Crista,7041,zQ
Blue,Marna,8375,rF
Red,Georgetta,0845,ZF
Orange,Gabbi,4921,bC
Aquamarine,Florance,7426,BQ
Maroon,Ferd,9021,rE
Mauv,Daniele,5437,jW
Puce,Alphonso,0383,bK
Goldenrod,Jeralee,4523,bD
Teal,Almire,5938,yC
Green,Anna,7061,DK
Aquamarine,Orbadiah,3129,eO
Goldenrod,Bradford,7407,oS
Crimson,Sidonia,3236,hH
Khaki,Malvin,4605,wG
Orange,Veronika,2782,ES
Goldenrod,Natassia,1931,nK
Crimson,Filmer,9621,RL
Turquoise,Eveleen,4981,VC
Fuscia,Marijn,9589,lD
Blue,Mateo,4125,MH
Pink,Isadora,5720,HR
Orange,Stillman,8797,aK
Fuscia,Ferd,6574,ID
Violet,Tedmund,1789,jO
Pink,Briana,7820,eQ
Mauv,Ingrim,2841,MJ
Crimson,Archer,7472,fN
Violet,Rad,0536,rU
Blue,Dael,8487,pX
Khaki,Agace,5389,nP
Aquamarine,Darren,9999,QG
Purple,Leilah,8774,tC
Goldenrod,Winn,9898,oP
Turquoise,Bordy,4529,fV
Teal,Harland,3774,sP
Puce,Walt,0849,dK
Green,Carly,1453,yZ
Blue,Phillida,3864,jV
Khaki,Glory,4345,gT
Teal,West,5575,uY
Goldenrod,Kassey,6210,GI
Aquamarine,Danit,0611,IS
Yellow,Marcile,0022,NO
Maroon,Electra,4346,oR
Maroon,Rafa,2069,NT
Puce,Cathe,9284,DM
Crimson,Cherise,1566,AE
Indigo,Finley,9300,GW
Green,Gwendolyn,8063,DC
Purple,Linnet,3103,mX
Aquamarine,Madel,7861,lB
Turquoise,Jeanelle,4874,RC
Purple,Mareah,4286,RA
Maroon,Zeb,0023,eP
Orange,Olav,7625,DX
Crimson,Marnie,4512,dD
Red,Gage,0966,nH
Crimson,Marcelline,5879,oF
Red,Ginni,5023,WP
Orange,Ignatius,6707,qB
Pink,Lark,6103,IG
Khaki,Britteny,0143,aF
Red,Susann,6985,MW
Aquamarine,Garvey,6682,bE
Khaki,Udall,4499,uG
Puce,Tracey,8345,aG
Mauv,Kayne,9824,QO
Pink,Beryl,6635,MH
Fuscia,Carny,3949,MA
Orange,April,5544,NF
Fuscia,Marquita,0483,qL
Khaki,Bliss,4414,yU
Indigo,Marsha,5926,kI
Red,Cyb,6552,YM
Fuscia,Matilde,6527,bT
Crimson,Esmeralda,4300,FK
Mauv,Evelyn,1181,eH
Teal,Arabelle,0734,YI
Green,Kinnie,7997,UK
Indigo,Elianora,5947,OZ
Maroon,Imojean,6625,JW
Red,Kayley,2693,GH
Blue,Fabiano,3918,qA
Puce,Baxie,5553,rL
Aquamarine,Beitris,5107,aZ
Turquoise,Moss,6283,dO
Indigo,Dwayne,7144,IS
Crimson,Maynord,2566,GS
Pink,Feodora,5338,WM
Red,Desmond,7640,VN
Blue,Otis,8341,zN
Violet,Gustie,1835,vS
Fuscia,Nancee,4265,ZT
Purple,Arlie,8097,FI
Violet,Brittaney,1464,rL
Red,Jerry,0402,MZ
Crimson,Aldwin,5768,kU
Green,Wes,4120,lB
Khaki,Merill,2247,xC
Pink,Catie,8495,wF
Fuscia,Lothario,8819,PA
Teal,Reynold,5930,oD
Pink,Gabriello,5525,NA
Mauv,Alaric,8692,rT
Aquamarine,Mano,2835,QK
Violet,Krispin,7329,SD
Puce,Karoly,4491,JB
Turquoise,Lela,1115,XG
Indigo,Rutherford,4445,JZ
Turquoise,Morley,9894,BR
Red,Jania,8836,TF
Indigo,Collin,9781,NO
Khaki,Stacie,4887,uK
Mauv,Budd,1818,TU
Crimson,Jolyn,7629,NX
Indigo,Ruby,1355,nO
Red,Lamont,6809,dG
Aquamarine,Bernete,7460,sC
Maroon,Upton,8849,CA
Violet,Bryon,8311,pA
Blue,Constance,4527,cI
Fuscia,Hyman,3351,pD
Green,Caria,6701,QF
Crimson,Fancy,2787,KO
Khaki,Elfrida,5608,gX
Puce,Rodolfo,5415,FM
Orange,Whitaker,2818,WD
Crimson,Chloe,1854,MA
Maroon,Stacy,0455,JI
Khaki,Eilis,0080,cU
Crimson,Joan,8237,oO
Yellow,Elyse,3863,XP
Maroon,Justine,7889,xH
Mauv,Abby,3907,BO
Maroon,Enrichetta,0418,dJ
Mauv,Shae,2251,dR
Pink,Karl,5496,aI
Yellow,Clerkclaude,3288,SF
Crimson,Cybil,7591,eJ
Red,Silva,3563,XQ
Maroon,Belinda,4413,qQ
Puce,Bordy,0479,VY
